,image_src,title,category,suggested_price(€)
0,https://www.tradeinn.com/h/13876/138767487/cbc-wood-39.5-skimboard.jpg,cbc wood 39.5´´ skimboard,equipment,45.99
1,https://www.tradeinn.com/h/13805/138055082/moana-mini-30-bodyboard.jpg,moana mini 30´´ bodyboard,equipment,20.99
2,https://www.tradeinn.com/h/13876/138767539/rip-bois-7-ply-37-skimboard.jpg,rip bois 7 ply 37´´ skimboard,equipment,28.99
3,https://www.tradeinn.com/h/13876/138767540/rip-bois-ply-39-skimboard.jpg,rip bois ply 39´´ skimboard,equipment,30.99
4,https://www.tradeinn.com/h/13805/138055086/moana-ombak-41-bodyboard.jpg,moana ombak 41´´ bodyboard,equipment,32.99
5,https://www.tradeinn.com/h/13805/138055084/moana-pantai-37-bodyboard.jpg,moana pantai 37´´ bodyboard,equipment,30.99
6,https://www.tradeinn.com/h/13837/138371308/jobe-omnia-multi-position-kneeboard.jpg,jobe omnia multi position kneeboard,equipment,362.99
7,https://www.tradeinn.com/h/13876/138765367/indio-mid-length-70-surfboard.jpg,indio mid length 7´0´´ surfboard,equipment,489.99
8,https://www.tradeinn.com/h/13761/137614111/nsp-soft-long-92-surfboard.jpg,nsp soft long 9´2´´ surfboard,equipment,757.99
9,https://www.tradeinn.com/h/13795/137952712/nsp-elements-sleep-walker-94-surfboard.jpg,nsp elements sleep walker 9´4´´ surfboard,equipment,671.49
10,https://www.tradeinn.com/h/13974/139747349/cbc-wood-37.5-skimboard.jpg,cbc wood 37.5´´ skimboard,equipment,36.99
11,https://www.tradeinn.com/h/13974/139747323/cbc-fiberglass-55-skimboard.jpg,cbc fiberglass 55´´ skimboard,equipment,312.49
12,https://www.tradeinn.com/h/13876/138767481/cbc-fiberglass-51-skimboard.jpg,cbc fiberglass 51´´ skimboard,equipment,252.99
13,https://www.tradeinn.com/h/13975/139758238/ocean---earth-ezi-rider-surfboard-66--.jpg,ocean & earth ezi rider surfboard 6´6``,equipment,335.99
14,https://www.tradeinn.com/h/13975/139758237/ocean---earth-ezi-rider-surfboard-66--.jpg,ocean & earth ezi rider surfboard 6´6``,equipment,335.99
15,https://www.tradeinn.com/h/13975/139758241/ocean---earth-ezi-rider-surfboard-70--.jpg,ocean & earth ezi rider surfboard 7´0``,equipment,344.99
16,https://www.tradeinn.com/h/13812/138121450/trespass-flowdrift-42-bodyboard.jpg,trespass flowdrift 42´´ bodyboard,equipment,22.99
17,https://www.tradeinn.com/h/13878/138782781/rip-ripper-36-bodyboard.jpg,rip ripper 36´´ bodyboard,equipment,62.99
18,https://www.tradeinn.com/h/13876/138767541/rip-bois-41-skimboard.jpg,rip bois 41´´ skimboard,equipment,30.99
19,https://www.tradeinn.com/h/13876/138767538/rip-bois-7-ply-35-skimboard.jpg,rip bois 7 ply 35´´ skimboard,equipment,27.99
20,https://www.tradeinn.com/h/13875/138755142/moana-one-39-bodyboard-with-leash.jpg,moana one 39´´ bodyboard with leash,equipment,55.99
21,https://www.tradeinn.com/h/13875/138755146/moana-one-44-bodyboard-with-leash.jpg,moana one 44´´ bodyboard with leash,equipment,62.99
22,https://www.tradeinn.com/h/13805/138055083/moana-slide-35-bodyboard.jpg,moana slide 35´´ bodyboard,equipment,24.49
23,https://www.tradeinn.com/h/13902/139020497/vidaxl-star-57-surfboard.jpg,vidaxl star 5´7´´ surfboard,equipment,141.65
24,https://www.tradeinn.com/h/13902/139020526/vidaxl-91257-57-surfboard.jpg,vidaxl 91257 5´7´´ surfboard,equipment,141.15
25,https://www.tradeinn.com/h/13902/139020503/vidaxl-leaf-57-surfboard.jpg,vidaxl leaf 5´7´´ surfboard,equipment,140.4
26,https://www.tradeinn.com/h/13908/139082545/vidaxl-37-bodyboard.jpg,vidaxl 37´´ bodyboard,equipment,60.97
27,https://www.tradeinn.com/h/13863/138634937/vidaxl-57-surfboard.jpg,vidaxl 5´7´´ surfboard,equipment,141.15
28,https://www.tradeinn.com/h/13902/139023644/vidaxl-57-surfboard.jpg,vidaxl 5´7´´ surfboard,equipment,141.15
29,https://www.tradeinn.com/h/13902/139020505/vidaxl-mosaic-57-surfboard.jpg,vidaxl mosaic 5´7´´ surfboard,equipment,140.4
30,https://www.tradeinn.com/h/13902/139020509/vidaxl-stripe-57-surfboard.jpg,vidaxl stripe 5´7´´ surfboard,equipment,146.02
31,https://www.tradeinn.com/h/13945/139458969/atlantic-boards-whale-epoxy-soft-50l-510-surfboard.jpg,atlantic boards whale epoxy soft 50l 5´10´´ surfboard,equipment,329.0
32,https://www.tradeinn.com/h/13945/139458970/atlantic-boards-lobster-epoxy-soft-38l-57-surfboard.jpg,atlantic boards lobster epoxy soft 38l 5´7´´ surfboard,equipment,299.0
33,https://www.tradeinn.com/h/13902/139020514/vidaxl-boomerang-57-surfboard.jpg,vidaxl boomerang 5´7´´ surfboard,equipment,135.43
34,https://www.tradeinn.com/h/13694/136944323/carver-proteus-510-surfboard.jpg,carver proteus 5´10´´ surfboard,equipment,731.99
35,https://www.tradeinn.com/h/13783/137838507/jobe-sentry.jpg,jobe sentry,equipment,161.49
36,https://www.tradeinn.com/h/14018/140187662/roxy-break-7.0-softboard.jpg,roxy break 7.0 softboard,equipment,375.49
37,https://www.tradeinn.com/h/14018/140187663/roxy-break-8.0-softboard.jpg,roxy break 8.0 softboard,equipment,390.99
38,https://www.tradeinn.com/h/14018/140187661/roxy-break-7.0-softboard.jpg,roxy break 7.0 softboard,equipment,375.49
39,https://www.tradeinn.com/h/14018/140187664/roxy-break-8.0-softboard.jpg,roxy break 8.0 softboard,equipment,390.99
40,https://www.tradeinn.com/h/14018/140187029/quiksilver-break-7.0-softboard.jpg,quiksilver break 7.0 softboard,equipment,389.99
41,https://www.tradeinn.com/h/14018/140187031/quiksilver-break-7.0-softboard.jpg,quiksilver break 7.0 softboard,equipment,389.99
42,https://www.tradeinn.com/h/14018/140187032/quiksilver-break-7.0-softboard.jpg,quiksilver break 7.0 softboard,equipment,389.99
43,https://www.tradeinn.com/h/14018/140187030/quiksilver-break-7.0-softboard.jpg,quiksilver break 7.0 softboard,equipment,389.99
44,https://www.tradeinn.com/h/14018/140187035/quiksilver-break-8.0-softboard.jpg,quiksilver break 8.0 softboard,equipment,406.99
45,https://www.tradeinn.com/h/14018/140187033/quiksilver-break-8.0-softboard.jpg,quiksilver break 8.0 softboard,equipment,406.99
46,https://www.tradeinn.com/h/14018/140187034/quiksilver-break-8.0-softboard.jpg,quiksilver break 8.0 softboard,equipment,406.99
47,https://www.tradeinn.com/h/13976/139767077/indio-endurance-the-egg-surfboard-68.jpg,indio endurance the egg surfboard 6´8,equipment,504.49
48,https://www.tradeinn.com/h/13976/139767080/indio-endurance-the-egg-surfboard-710.jpg,indio endurance the egg surfboard 7´10,equipment,547.99
49,https://www.tradeinn.com/h/13976/139767086/indio-endurance-the-egg-surfboard-76.jpg,indio endurance the egg surfboard 7´6,equipment,544.99
50,https://www.tradeinn.com/h/13876/138765433/indio-trim-machine-91-surfboard.jpg,indio trim machine 9´1´´ surfboard,equipment,669.49
51,https://www.tradeinn.com/h/13876/138765313/indio-big-fish-72-surfboard.jpg,indio big fish 7´2´´ surfboard,equipment,466.99
52,https://www.tradeinn.com/h/13876/138765359/indio-log-machine-90-surfboard.jpg,indio log machine 9´0´´ surfboard,equipment,669.99
53,https://www.tradeinn.com/h/13876/138765429/indio-the-egg-82-surfboard.jpg,indio the egg 8´2´´ surfboard,equipment,541.99
54,https://www.tradeinn.com/h/13876/138765417/indio-the-egg-710-surfboard.jpg,indio the egg 7´10´´ surfboard,equipment,515.49
55,https://www.tradeinn.com/h/13876/138765425/indio-the-egg-76-surfboard.jpg,indio the egg 7´6´´ surfboard,equipment,504.49
56,https://www.tradeinn.com/h/13876/138765426/indio-the-egg-76-surfboard.jpg,indio the egg 7´6´´ surfboard,equipment,413.99
57,https://www.tradeinn.com/h/13896/138967224/indio-easy-80-surfboard.jpg,indio easy 8´0´´ surfboard,equipment,488.99
58,https://www.tradeinn.com/h/13896/138967211/indio-rookie-410-surfboard.jpg,indio rookie 4´10´´ surfboard,equipment,192.99
59,https://www.tradeinn.com/h/13896/138967217/indio-easy-rider-70-surfboard.jpg,indio easy rider 7´0´´ surfboard,equipment,510.49
60,https://www.tradeinn.com/h/13876/138765328/indio-combo-54-surfboard.jpg,indio combo 5´4´´ surfboard,equipment,402.99
61,https://www.tradeinn.com/h/13876/138765407/indio-rancho-60-surfboard.jpg,indio rancho 6´0´´ surfboard,equipment,422.49
62,https://www.tradeinn.com/h/13976/139767089/indio-endurance-the-egg-surfboard-82.jpg,indio endurance the egg surfboard 8´2,equipment,574.99
63,https://www.tradeinn.com/h/13976/139767092/indio-mini-long-surfboard-80.jpg,indio mini long surfboard 8´0,equipment,485.99
64,https://www.tradeinn.com/h/13876/138765398/indio-racer-68-surfboard.jpg,indio racer 6´8´´ surfboard,equipment,532.99
65,https://www.tradeinn.com/h/13896/138967220/indio-standard-70-surfboard.jpg,indio standard 7´0´´ surfboard,equipment,454.99
66,https://www.tradeinn.com/h/13896/138967221/indio-step-up-76-surfboard.jpg,indio step up 7´6´´ surfboard,equipment,473.99
67,https://www.tradeinn.com/h/13876/138765311/indio-easy-going-90-surfboard.jpg,indio easy going 9´0´´ surfboard,equipment,636.99
68,https://www.tradeinn.com/h/13876/138765319/indio-boom-hp-54-surfboard.jpg,indio boom hp 5´4´´ surfboard,equipment,411.0
69,https://www.tradeinn.com/h/13876/138765378/indio-plus-66-surfboard.jpg,indio plus 6´6´´ surfboard,equipment,427.99
70,https://www.tradeinn.com/h/13876/138765379/indio-plus-66-surfboard.jpg,indio plus 6´6´´ surfboard,equipment,475.99
71,https://www.tradeinn.com/h/13896/138967233/indio-hardcore-duffy-62-surfboard.jpg,indio hardcore duffy 6´2´´ surfboard,equipment,418.49
72,https://www.tradeinn.com/h/13876/138765360/indio-log-machine-90-surfboard.jpg,indio log machine 9´0´´ surfboard,equipment,569.99
73,https://www.tradeinn.com/h/13876/138765383/indio-plus-70-surfboard.jpg,indio plus 7´0´´ surfboard,equipment,424.99
74,https://www.tradeinn.com/h/13876/138765400/indio-rancho-510-surfboard.jpg,indio rancho 5´10´´ surfboard,equipment,365.99
75,https://www.tradeinn.com/h/13876/138765410/indio-rancho-62-surfboard.jpg,indio rancho 6´2´´ surfboard,equipment,383.99
76,https://www.tradeinn.com/h/13876/138765428/indio-the-egg-76-surfboard.jpg,indio the egg 7´6´´ surfboard,equipment,440.99
77,https://www.tradeinn.com/h/13876/138765318/indio-boom-hp-510-surfboard.jpg,indio boom hp 5´10´´ surfboard,equipment,412.99
78,https://www.tradeinn.com/h/13876/138765320/indio-boom-hp-54-surfboard.jpg,indio boom hp 5´4´´ surfboard,equipment,365.99
79,https://www.tradeinn.com/h/13876/138765372/indio-plus-510-surfboard.jpg,indio plus 5´10´´ surfboard,equipment,427.99
80,https://www.tradeinn.com/h/13876/138765435/indio-trim-machine-91-surfboard.jpg,indio trim machine 9´1´´ surfboard,equipment,656.99
81,https://www.tradeinn.com/h/13896/138967226/indio-easy-80-surfboard.jpg,indio easy 8´0´´ surfboard,equipment,547.99
82,https://www.tradeinn.com/h/13896/138967229/indio-long-90-surfboard.jpg,indio long 9´0´´ surfboard,equipment,552.99
83,https://www.tradeinn.com/h/13896/138967213/indio-fishy-56-surfboard.jpg,indio fishy 5´6´´ surfboard,equipment,376.99
84,https://www.tradeinn.com/h/13896/138967214/indio-fish-60-surfboard.jpg,indio fish 6´0´´ surfboard,equipment,385.49
85,https://www.tradeinn.com/h/13896/138967219/indio-standard-70-surfboard.jpg,indio standard 7´0´´ surfboard,equipment,443.99
86,https://www.tradeinn.com/h/13976/139767051/indio-endurance-combo-surfboard-510.jpg,indio endurance combo surfboard 5´10,equipment,479.99
87,https://www.tradeinn.com/h/13976/139767081/indio-endurance-the-egg-surfboard-710.jpg,indio endurance the egg surfboard 7´10,equipment,515.49
88,https://www.tradeinn.com/h/13976/139767087/indio-endurance-the-egg-surfboard-76.jpg,indio endurance the egg surfboard 7´6,equipment,504.49
89,https://www.tradeinn.com/h/13976/139767075/indio-endurance-rancho-surfboard-60.jpg,indio endurance rancho surfboard 6´0,equipment,524.99
90,https://www.tradeinn.com/h/13976/139767076/indio-endurance-rancho-surfboard-62.jpg,indio endurance rancho surfboard 6´2,equipment,524.99
91,https://www.tradeinn.com/h/13976/139767090/indio-endurance-the-egg-surfboard-82.jpg,indio endurance the egg surfboard 8´2,equipment,541.99
92,https://www.tradeinn.com/h/13876/138765321/indio-boom-hp-57-surfboard.jpg,indio boom hp 5´7´´ surfboard,equipment,421.49
93,https://www.tradeinn.com/h/13876/138765327/indio-combo-54-surfboard.jpg,indio combo 5´4´´ surfboard,equipment,478.99
94,https://www.tradeinn.com/h/13896/138967222/indio-step-up-76-surfboard.jpg,indio step up 7´6´´ surfboard,equipment,468.99
95,https://www.tradeinn.com/h/13975/139752836/nsp-elements-hdt-fish-64-surfboard.jpg,nsp elements hdt fish 6´4´´ surfboard,equipment,476.99
96,https://www.tradeinn.com/h/13805/138050453/nsp-foil-flatter-design-52-surfboard.jpg,nsp foil flatter design 5´2´´ surfboard,equipment,793.49
97,https://www.tradeinn.com/h/13761/137613989/nsp-foil-56-surfboard.jpg,nsp foil 5´6´´ surfboard,equipment,576.49
98,https://www.tradeinn.com/h/13795/137952732/nsp-protech-double-up-74-surfboard.jpg,nsp protech double up 7´4´´ surfboard,equipment,532.49
99,https://www.tradeinn.com/h/13795/137952734/nsp-protech-double-up-84-surfboard.jpg,nsp protech double up 8´4´´ surfboard,equipment,585.99
100,https://www.tradeinn.com/h/13795/137952636/nsp-cocoflax-hooligan-84-surfboard.jpg,nsp cocoflax hooligan 8´4´´ surfboard,equipment,863.49
101,https://www.tradeinn.com/h/13795/137952743/nsp-protech-fun-68-surfboard.jpg,nsp protech fun 6´8´´ surfboard,equipment,463.49
102,https://www.tradeinn.com/h/13795/137952643/nsp-cse-chopstix-56-surfboard.jpg,nsp cse chopstix 5´6´´ surfboard,equipment,565.99
103,https://www.tradeinn.com/h/13795/137952644/nsp-cse-chopstix-58-surfboard.jpg,nsp cse chopstix 5´8´´ surfboard,equipment,537.99
104,https://www.tradeinn.com/h/13795/137952676/nsp-elements-fish-60-surfboard.jpg,nsp elements fish 6´0´´ surfboard,equipment,467.49
105,https://www.tradeinn.com/h/13795/137952680/nsp-elements-fish-64-surfboard.jpg,nsp elements fish 6´4´´ surfboard,equipment,502.99
106,https://www.tradeinn.com/h/13795/137952740/nsp-protech-fish-64-surfboard.jpg,nsp protech fish 6´4´´ surfboard,equipment,439.99
107,https://www.tradeinn.com/h/13795/137952742/nsp-protech-fish-68-surfboard.jpg,nsp protech fish 6´8´´ surfboard,equipment,469.0
108,https://www.tradeinn.com/h/13795/137952746/nsp-protech-fun-72-surfboard.jpg,nsp protech fun 7´2´´ surfboard,equipment,468.49
109,https://www.tradeinn.com/h/13795/137952752/nsp-protech-long-86-surfboard.jpg,nsp protech long 8´6´´ surfboard,equipment,505.49
110,https://www.tradeinn.com/h/13795/137952758/nsp-protech-tinder-d8-60-surfboard.jpg,nsp protech tinder-d8 6´0´´ surfboard,equipment,430.99
111,https://www.tradeinn.com/h/13795/137952760/nsp-protech-tinder-d8-62-surfboard.jpg,nsp protech tinder-d8 6´2´´ surfboard,equipment,435.99
112,https://www.tradeinn.com/h/13805/138050433/nsp-sundownder-soft-66-surfboard.jpg,nsp sundownder soft 6´6´´ surfboard,equipment,357.49
113,https://www.tradeinn.com/h/13805/138050434/nsp-sundownder-soft-70-surfboard.jpg,nsp sundownder soft 7´0´´ surfboard,equipment,386.99
114,https://www.tradeinn.com/h/13761/137613998/nsp-protech-fish-56-surfboard.jpg,nsp protech fish 5´6´´ surfboard,equipment,417.99
115,https://www.tradeinn.com/h/13761/137614070/nsp-soft-long-82-surfboard.jpg,nsp soft long 8´2´´ surfboard,equipment,632.99
116,https://www.tradeinn.com/h/13795/137952665/nsp-e--fun-68-surfboard.jpg,nsp e+ fun 6´8´´ surfboard,equipment,559.49
117,https://www.tradeinn.com/h/13795/137952666/nsp-e--fun-72-surfboard.jpg,nsp e+ fun 7´2´´ surfboard,equipment,598.99
118,https://www.tradeinn.com/h/13795/137952667/nsp-e--fun-76-surfboard.jpg,nsp e+ fun 7´6´´ surfboard,equipment,603.99
119,https://www.tradeinn.com/h/13795/137952669/nsp-e--long-86-surfboard.jpg,nsp e+ long 8´6´´ surfboard,equipment,631.99
120,https://www.tradeinn.com/h/13795/137952670/nsp-e--long-90-surfboard.jpg,nsp e+ long 9´0´´ surfboard,equipment,719.99
121,https://www.tradeinn.com/h/13795/137952678/nsp-elements-fish-60-surfboard.jpg,nsp elements fish 6´0´´ surfboard,equipment,458.49
122,https://www.tradeinn.com/h/13795/137952689/nsp-elements-fun-68-surfboard.jpg,nsp elements fun 6´8´´ surfboard,equipment,473.99
123,https://www.tradeinn.com/h/13795/137952692/nsp-elements-fun-72-surfboard.jpg,nsp elements fun 7´2´´ surfboard,equipment,480.99
124,https://www.tradeinn.com/h/13795/137952696/nsp-elements-fun-76-surfboard.jpg,nsp elements fun 7´6´´ surfboard,equipment,508.99
125,https://www.tradeinn.com/h/13795/137952704/nsp-elements-long-90-surfboard.jpg,nsp elements long 9´0 surfboard,equipment,661.99
126,https://www.tradeinn.com/h/13795/137952718/nsp-elements-tinder-d8-510-surfboard.jpg,nsp elements tinder-d8 5´10´´ surfboard,equipment,488.49
127,https://www.tradeinn.com/h/13795/137952751/nsp-protech-long-86-surfboard.jpg,nsp protech long 8´6´´ surfboard,equipment,564.99
128,https://www.tradeinn.com/h/13805/138050456/nsp-foil-pro-48-surfboard.jpg,nsp foil pro 4´8´´ surfboard,equipment,582.49
129,https://www.tradeinn.com/h/13795/137952641/nsp-cse-chopstix-510-surfboard.jpg,nsp cse chopstix 5´10´´ surfboard,equipment,565.99
130,https://www.tradeinn.com/h/13795/137952642/nsp-cse-chopstix-54-surfboard.jpg,nsp cse chopstix 5´4´´ surfboard,equipment,565.99
131,https://www.tradeinn.com/h/13795/137952645/nsp-cse-chopstix-60-surfboard.jpg,nsp cse chopstix 6´0´´ surfboard,equipment,556.99
132,https://www.tradeinn.com/h/13795/137952649/nsp-cse-equalizer-74-surfboard.jpg,nsp cse equalizer 7´4´´ surfboard,equipment,1111.49
133,https://www.tradeinn.com/h/13795/137952658/nsp-cse-tinder-d8-58-surfboard.jpg,nsp cse tinder-d8 5´8´´ surfboard,equipment,565.99
134,https://www.tradeinn.com/h/13795/137952661/nsp-cse-tinder-d8-62-surfboard.jpg,nsp cse tinder-d8 6´2´´ surfboard,equipment,596.49
135,https://www.tradeinn.com/h/13795/137952675/nsp-elements-fish-56-surfboard.jpg,nsp elements fish 5´6´´ surfboard,equipment,514.49
136,https://www.tradeinn.com/h/13795/137952679/nsp-elements-fish-60-surfboard.jpg,nsp elements fish 6´0´´ surfboard,equipment,493.99
137,https://www.tradeinn.com/h/13795/137952682/nsp-elements-fish-64-surfboard.jpg,nsp elements fish 6´4´´ surfboard,equipment,502.99
138,https://www.tradeinn.com/h/13795/137952683/nsp-elements-fish-68-surfboard.jpg,nsp elements fish 6´8´´ surfboard,equipment,507.99
139,https://www.tradeinn.com/h/13795/137952703/nsp-elements-long-86-surfboard.jpg,nsp elements long 8´6´´ surfboard,equipment,576.99
140,https://www.tradeinn.com/h/13795/137952705/nsp-elements-long-90-surfboard.jpg,nsp elements long 9´0´´ surfboard,equipment,614.99
141,https://www.tradeinn.com/h/13795/137952745/nsp-protech-fun-72-surfboard.jpg,nsp protech fun 7´2´´ surfboard,equipment,472.99
142,https://www.tradeinn.com/h/13795/137952753/nsp-protech-long-90-surfboard.jpg,nsp protech long 9´0´´ surfboard,equipment,545.49
143,https://www.tradeinn.com/h/13761/137614058/nsp-coco-dream-rider-76-surfboard.jpg,nsp coco dream rider 7´6´´ surfboard,equipment,738.99
144,https://www.tradeinn.com/h/13795/137952717/nsp-elements-tinder-d8-510-surfboard.jpg,nsp elements tinder-d8 5´10´´ surfboard,equipment,459.49
145,https://www.tradeinn.com/h/13795/137952720/nsp-elements-tinder-d8-60-surfboard.jpg,nsp elements tinder-d8 6´0´´ surfboard,equipment,459.49
146,https://www.tradeinn.com/h/13795/137952726/nsp-elements-tinder-d8-64-surfboard.jpg,nsp elements tinder-d8 6´4´´ surfboard,equipment,468.49
147,https://www.tradeinn.com/h/13795/137952749/nsp-protech-long-80-surfboard.jpg,nsp protech long 8´0´´ surfboard,equipment,523.49
148,https://www.tradeinn.com/h/13975/139752837/nsp-elements-hdt-fish-68-surfboard.jpg,nsp elements hdt fish 6´8´´ surfboard,equipment,481.99
149,https://www.tradeinn.com/h/13975/139752838/nsp-elements-hdt-fish-72-surfboard.jpg,nsp elements hdt fish 7´2´´ surfboard,equipment,549.99
150,https://www.tradeinn.com/h/13975/139752850/nsp-elements-hdt-long-90-surfboard.jpg,nsp elements hdt long 9´0´´ surfboard,equipment,646.49
151,https://www.tradeinn.com/h/13975/139752865/nsp-protech-fun-76-surfboard.jpg,nsp protech fun 7´6´´ surfboard,equipment,529.99
152,https://www.tradeinn.com/h/13975/139752868/nsp-protech-long-90-surfboard.jpg,nsp protech long 9´0´´ surfboard,equipment,605.49
153,https://www.tradeinn.com/h/13975/139752878/nsp-shapers-union-pit-cruiser-510-pu-surfboard.jpg,nsp shapers union pit cruiser 5´10´´ pu surfboard,equipment,717.49
154,https://www.tradeinn.com/h/13975/139752841/nsp-elements-hdt-fun-76-surfboard.jpg,nsp elements hdt fun 7´6´´ surfboard,equipment,569.99
155,https://www.tradeinn.com/h/13975/139752863/nsp-protech-fun-68-surfboard.jpg,nsp protech fun 6´8´´ surfboard,equipment,514.49
156,https://www.tradeinn.com/h/13975/139752885/nsp-shapers-union-slot-machine-510-pu-surfboard.jpg,nsp shapers union slot machine 5´10´´ pu surfboard,equipment,717.49
157,https://www.tradeinn.com/h/13975/139752887/nsp-shapers-union-slot-machine-58-pu-surfboard.jpg,nsp shapers union slot machine 5´8´´ pu surfboard,equipment,706.49
158,https://www.tradeinn.com/h/13805/138050435/nsp-sundownder-soft-80-surfboard.jpg,nsp sundownder soft 8´0´´ surfboard,equipment,409.99
159,https://www.tradeinn.com/h/13805/138050436/nsp-sundownder-soft-90-surfboard.jpg,nsp sundownder soft 9´0´´ surfboard,equipment,444.99
160,https://www.tradeinn.com/h/13795/137952756/nsp-protech-tinder-d8-510-surfboard.jpg,nsp protech tinder-d8 5´10´´ surfboard,equipment,423.49
161,https://www.tradeinn.com/h/13795/137952747/nsp-protech-fun-76-surfboard.jpg,nsp protech fun 7´6´´ surfboard,equipment,472.99
162,https://www.tradeinn.com/h/13795/137952630/nsp-cocoflax-dream-rider-72-surfboard.jpg,nsp cocoflax dream rider 7´2´´ surfboard,equipment,767.49
163,https://www.tradeinn.com/h/13795/137952632/nsp-cocoflax-dream-rider-76-surfboard.jpg,nsp cocoflax dream rider 7´6´´ surfboard,equipment,757.99
164,https://www.tradeinn.com/h/13795/137952646/nsp-cse-chopstix-62-surfboard.jpg,nsp cse chopstix 6´2´´ surfboard,equipment,556.99
165,https://www.tradeinn.com/h/13795/137952650/nsp-cse-equalizer-84-surfboard.jpg,nsp cse equalizer 8´4´´ surfboard,equipment,1171.99
166,https://www.tradeinn.com/h/13795/137952655/nsp-cse-the-cheater-80-surfboard.jpg,nsp cse the cheater 8´0´´ surfboard,equipment,806.99
167,https://www.tradeinn.com/h/13795/137952656/nsp-cse-tinder-d8-510-surfboard.jpg,nsp cse tinder-d8 5´10´´ surfboard,equipment,565.99
168,https://www.tradeinn.com/h/13795/137952672/nsp-elements-fish-56-surfboard.jpg,nsp elements fish 5´6´´ surfboard,equipment,488.49
169,https://www.tradeinn.com/h/13795/137952685/nsp-elements-fish-68-surfboard.jpg,nsp elements fish 6´8´´ surfboard,equipment,481.99
170,https://www.tradeinn.com/h/13795/137952686/nsp-elements-fish-72-surfboard.jpg,nsp elements fish 7´2´´ surfboard,equipment,494.99
171,https://www.tradeinn.com/h/13795/137952688/nsp-elements-fish-72-surfboard.jpg,nsp elements fish 7´2´´ surfboard,equipment,494.99
172,https://www.tradeinn.com/h/13795/137952691/nsp-elements-fun-68-surfboard.jpg,nsp elements fun 6´8´´ surfboard,equipment,503.99
173,https://www.tradeinn.com/h/13795/137952694/nsp-elements-fun-72-surfboard.jpg,nsp elements fun 7´2´´ surfboard,equipment,517.99
174,https://www.tradeinn.com/h/13795/137952697/nsp-elements-fun-76-surfboard.jpg,nsp elements fun 7´6´´ surfboard,equipment,540.99
175,https://www.tradeinn.com/h/13795/137952700/nsp-elements-long-80-surfboard.jpg,nsp elements long 8´0´´ surfboard,equipment,526.99
176,https://www.tradeinn.com/h/13795/137952744/nsp-protech-fun-68-surfboard.jpg,nsp protech fun 6´8´´ surfboard,equipment,463.49
177,https://www.tradeinn.com/h/13795/137952748/nsp-protech-fun-76-surfboard.jpg,nsp protech fun 7´6´´ surfboard,equipment,472.99
178,https://www.tradeinn.com/h/13795/137952750/nsp-protech-long-80-surfboard.jpg,nsp protech long 8´0´´ surfboard,equipment,527.99
179,https://www.tradeinn.com/h/13795/137952754/nsp-protech-long-90-surfboard.jpg,nsp protech long 9´0´´ surfboard,equipment,545.49
180,https://www.tradeinn.com/h/13795/137952762/nsp-protech-tinder-d8-64-surfboard.jpg,nsp protech tinder-d8 6´4´´ surfboard,equipment,436.99
181,https://www.tradeinn.com/h/13795/137952764/nsp-protech-tinder-d8-66-surfboard.jpg,nsp protech tinder-d8 6´6´´ surfboard,equipment,444.99
182,https://www.tradeinn.com/h/13761/137614075/nsp-soft-wide-84-surfboard.jpg,nsp soft wide 8´4´´ surfboard,equipment,818.99
183,https://www.tradeinn.com/h/13761/137614052/nsp-soft-fun-74-surfboard.jpg,nsp soft fun 7´4´´ surfboard,equipment,587.99
184,https://www.tradeinn.com/h/13795/137952637/nsp-cocoflax-hooligan-90-surfboard.jpg,nsp cocoflax hooligan 9´0´´ surfboard,equipment,822.49
185,https://www.tradeinn.com/h/13795/137952668/nsp-e--long-80-surfboard.jpg,nsp e+ long 8´0´´ surfboard,equipment,623.99
186,https://www.tradeinn.com/h/13795/137952690/nsp-elements-fun-68-surfboard.jpg,nsp elements fun 6´8´´ surfboard,equipment,467.99
187,https://www.tradeinn.com/h/13795/137952693/nsp-elements-fun-72-surfboard.jpg,nsp elements fun 7´2´´ surfboard,equipment,480.99
188,https://www.tradeinn.com/h/13795/137952698/nsp-elements-long-80-surfboard.jpg,nsp elements long 8´0´´ surfboard,equipment,526.99
189,https://www.tradeinn.com/h/13795/137952701/nsp-elements-long-86-surfboard.jpg,nsp elements long 8´6 surfboard,equipment,549.99
190,https://www.tradeinn.com/h/13795/137952721/nsp-elements-tinder-d8-60-surfboard.jpg,nsp elements tinder-d8 6´0´´ surfboard,equipment,488.49
191,https://www.tradeinn.com/h/13795/137952723/nsp-elements-tinder-d8-62-surfboard.jpg,nsp elements tinder-d8 6´2´´ surfboard,equipment,463.99
192,https://www.tradeinn.com/h/13795/137952729/nsp-elements-tinder-d8-66-surfboard.jpg,nsp elements tinder-d8 6´6´´ surfboard,equipment,502.99
193,https://www.tradeinn.com/h/13795/137952738/nsp-protech-fish-60-surfboard.jpg,nsp protech fish 6´0´´ surfboard,equipment,435.99
194,https://www.tradeinn.com/h/13975/139752839/nsp-elements-hdt-fun-68-surfboard.jpg,nsp elements hdt fun 6´8´´ surfboard,equipment,477.99
195,https://www.tradeinn.com/h/13975/139752864/nsp-protech-fun-72-surfboard.jpg,nsp protech fun 7´2´´ surfboard,equipment,524.99
196,https://www.tradeinn.com/h/13975/139752835/nsp-elements-hdt-fish-60-surfboard.jpg,nsp elements hdt fish 6´0´´ surfboard,equipment,467.49
197,https://www.tradeinn.com/h/13975/139752840/nsp-elements-hdt-fun-72-surfboard.jpg,nsp elements hdt fun 7´2´´ surfboard,equipment,544.99
198,https://www.tradeinn.com/h/13975/139752857/nsp-protech-double-up-74-surfboard.jpg,nsp protech double up 7´4´´ surfboard,equipment,596.49
199,https://www.tradeinn.com/h/13975/139752888/nsp-shapers-union-slot-machine-60-pu-surfboard.jpg,nsp shapers union slot machine 6´0´´ pu surfboard,equipment,717.49
200,https://www.tradeinn.com/h/13975/139752902/nsp-teachers-pet-70-surfboard.jpg,nsp teacher´s pet 7´0´´ surfboard,equipment,525.99
201,https://www.tradeinn.com/h/13756/137564965/aztron-lynx-8.0-surfboard.jpg,aztron lynx 8.0´´ surfboard,equipment,696.99
202,https://www.tradeinn.com/h/13956/139567567/aztron-ceres-bodyboard-43.jpg,aztron ceres bodyboard 43´´,equipment,45.99
203,https://www.tradeinn.com/h/13974/139747333/cbc-scott-burke-ball-breaker-54-surfboard.jpg,cbc scott burke ball breaker 5´4´´ surfboard,equipment,189.99
204,https://www.tradeinn.com/h/13974/139747329/cbc-scott-burke-60-surfboard.jpg,cbc scott burke 6´0´´ surfboard,equipment,333.99
205,https://www.tradeinn.com/h/13974/139747348/cbc-white-wood-70-surfboard.jpg,cbc white wood 7´0´´ surfboard,equipment,302.99
206,https://www.tradeinn.com/h/13974/139747320/cbc-fiberglass-42.5-skimboard.jpg,cbc fiberglass 42.5´´ skimboard,equipment,231.99
207,https://www.tradeinn.com/h/13974/139747331/cbc-scott-burke-80-surfboard.jpg,cbc scott burke 8´0´´ surfboard,equipment,320.99
208,https://www.tradeinn.com/h/13974/139747334/cbc-scott-burke-fish-52-surfboard.jpg,cbc scott burke fish 5´2´´ surfboard,equipment,242.99
209,https://www.tradeinn.com/h/13974/139747336/cbc-slasher-fish-52-surfboard.jpg,cbc slasher fish 5´2´´ surfboard,equipment,242.99
210,https://www.tradeinn.com/h/13974/139747347/cbc-wave-warrior-41-bodyboard.jpg,cbc wave warrior 41´´ bodyboard,equipment,19.99
211,https://www.tradeinn.com/h/13974/139747350/cbc-wood-soft-80-surfboard.jpg,cbc wood soft 8´0´´ surfboard,equipment,333.99
212,https://www.tradeinn.com/h/13974/139747344/cbc-sushi-fish-62-surfboard.jpg,cbc sushi fish 6´2´´ surfboard,equipment,246.99
213,https://www.tradeinn.com/h/13974/139747330/cbc-scott-burke-76-surfboard.jpg,cbc scott burke 7´6´´ surfboard,equipment,308.49
214,https://www.tradeinn.com/h/13974/139747338/cbc-slasher-w-traction-60-surfboard.jpg,cbc slasher w traction 6´0´´ surfboard,equipment,303.49
215,https://www.tradeinn.com/h/13974/139747339/cbc-slasher-w-traction-62-surfboard.jpg,cbc slasher w traction 6´2´´ surfboard,equipment,287.49
216,https://www.tradeinn.com/h/13974/139747322/cbc-fiberglass-53.5-skimboard.jpg,cbc fiberglass 53.5´´ skimboard,equipment,302.49
217,https://www.tradeinn.com/h/13974/139747337/cbc-slasher-fish-w-traction-58-surfboard.jpg,cbc slasher fish w traction 5´8´´ surfboard,equipment,268.99
218,https://www.tradeinn.com/h/13974/139747340/cbc-slasher-w-traction-70-surfboard.jpg,cbc slasher w traction 7´0´´ surfboard,equipment,353.99
219,https://www.tradeinn.com/h/13974/139747343/cbc-sushi-fish-58-surfboard.jpg,cbc sushi fish 5´8´´ surfboard,equipment,231.49
220,https://www.tradeinn.com/h/13974/139747325/cbc-grabber-41-skimboard.jpg,cbc grabber 41´´ skimboard,equipment,54.49
221,https://www.tradeinn.com/h/13974/139747324/cbc-grabber-36-skimboard.jpg,cbc grabber 36´´ skimboard,equipment,39.99
222,https://www.tradeinn.com/h/13975/139758229/ocean---earth-ezi-rider-surfboard-60--.jpg,ocean & earth ezi rider surfboard 6´0``,equipment,326.99
223,https://www.tradeinn.com/h/13975/139758255/ocean---earth-ezi-rider-surfboard-80--.jpg,ocean & earth ezi rider surfboard 8´0``,equipment,381.99
224,https://www.tradeinn.com/h/13975/139758257/ocean---earth-ezi-rider-surfboard-80--.jpg,ocean & earth ezi rider surfboard 8´0``,equipment,381.99
225,https://www.tradeinn.com/h/13975/139758233/ocean---earth-ezi-rider-surfboard-60--.jpg,ocean & earth ezi rider surfboard 6´0``,equipment,326.99
226,https://www.tradeinn.com/h/13975/139758246/ocean---earth-ezi-rider-surfboard-76--.jpg,ocean & earth ezi rider surfboard 7´6``,equipment,354.49
227,https://www.tradeinn.com/h/13975/139758247/ocean---earth-ezi-rider-surfboard-76--.jpg,ocean & earth ezi rider surfboard 7´6``,equipment,354.49
228,https://www.tradeinn.com/h/13975/139758252/ocean---earth-ezi-rider-surfboard-80--.jpg,ocean & earth ezi rider surfboard 8´0``,equipment,363.99
229,https://www.tradeinn.com/h/13975/139758228/ocean---earth-ezi-rider-surfboard-56--.jpg,ocean & earth ezi rider surfboard 5´6``,equipment,317.99
230,https://www.tradeinn.com/h/13975/139758249/ocean---earth-ezi-rider-surfboard-76--.jpg,ocean & earth ezi rider surfboard 7´6``,equipment,354.49
231,https://www.tradeinn.com/h/13975/139758234/ocean---earth-ezi-rider-surfboard-66--.jpg,ocean & earth ezi rider surfboard 6´6``,equipment,335.99
232,https://www.tradeinn.com/h/13975/139758225/ocean---earth-ezi-rider-surfboard-56--.jpg,ocean & earth ezi rider surfboard 5´6``,equipment,317.99
233,https://www.tradeinn.com/h/13975/139758240/ocean---earth-ezi-rider-surfboard-70--.jpg,ocean & earth ezi rider surfboard 7´0``,equipment,344.99
234,https://www.tradeinn.com/h/14028/140289691/kahe-surf-surboard-8-surfboard.jpg,kahe surf surboard 8´ surfboard,equipment,795.49
235,https://www.tradeinn.com/h/13878/138783785/tsa-aloha-black-panda-ecoskin-510-surfboard.jpg,tsa aloha black panda ecoskin 5´10´´ surfboard,equipment,730.99
236,https://www.tradeinn.com/h/13878/138783788/tsa-aloha-black-panda-ecoskin-58-surfboard.jpg,tsa aloha black panda ecoskin 5´8´´ surfboard,equipment,725.99
237,https://www.tradeinn.com/h/13878/138783807/tsa-chubby-chedda-futures-58-surfboard.jpg,tsa chubby chedda futures 5´8´´ surfboard,equipment,665.99
238,https://www.tradeinn.com/h/13878/138783808/tsa-chubby-chedda-futures-59-surfboard.jpg,tsa chubby chedda futures 5´9´´ surfboard,equipment,534.99
239,https://www.tradeinn.com/h/13878/138783824/tsa-element-rj-3f-64-surfboard.jpg,tsa element rj 3f 6´4´´ surfboard,equipment,614.49
240,https://www.tradeinn.com/h/13878/138783849/tsa-element-vixen-3f-56-surfboard.jpg,tsa element vixen 3f 5´6´´ surfboard,equipment,595.49
241,https://www.tradeinn.com/h/13878/138783851/tsa-element-vixen-3f-56-surfboard.jpg,tsa element vixen 3f 5´6´´ surfboard,equipment,595.49
242,https://www.tradeinn.com/h/13878/138783890/tsa-wilde-admiral-92-surfboard.jpg,tsa wilde admiral 9´2´´ surfboard,equipment,1029.99
243,https://www.tradeinn.com/h/13880/138801663/tsa-spuster-5f-xf-510-surfboard.jpg,tsa spuster 5f xf 5´10´´ surfboard,equipment,706.99
244,https://www.tradeinn.com/h/13900/139001572/tsa-element-twin-fish-3f-future-60-surfboard.jpg,tsa element twin fish 3f future 6´0´´ surfboard,equipment,593.99
245,https://www.tradeinn.com/h/13900/139001577/tsa-element-twin-fish-mustard-3f-future-62-surfboard.jpg,tsa element twin fish mustard 3f future 6´2´´ surfboard,equipment,593.99
246,https://www.tradeinn.com/h/13900/139001622/tsa-mick-fanning-catfish-3f-future-510-surfboard.jpg,tsa mick fanning catfish 3f future 5´10´´ surfboard,equipment,473.49
247,https://www.tradeinn.com/h/13900/139001612/tsa-mick-fanning-beastie-3f-future-60-surfboard.jpg,tsa mick fanning beastie 3f future 6´0´´ surfboard,equipment,479.99
248,https://www.tradeinn.com/h/13900/139001627/tsa-mick-fanning-eugenie-3f-future-510-surfboard.jpg,tsa mick fanning eugenie 3f future 5´10´´ surfboard,equipment,528.99
249,https://www.tradeinn.com/h/13900/139001628/tsa-mick-fanning-eugenie-coral-3f-future-510-surfboard.jpg,tsa mick fanning eugenie coral 3f future 5´10´´ surfboard,equipment,528.99
250,https://www.tradeinn.com/h/13900/139001629/tsa-mick-fanning-eugenie-coral-3f-future-56-surfboard.jpg,tsa mick fanning eugenie coral 3f future 5´6´´ surfboard,equipment,528.99
251,https://www.tradeinn.com/h/13900/139001631/tsa-mick-fanning-little-marley-3f-future-54-surfboard.jpg,tsa mick fanning little marley 3f future 5´4´´ surfboard,equipment,473.49
252,https://www.tradeinn.com/h/13900/139001562/tsa-aloha-fun-division-mid-3f-ecoskin-68-surfboard.jpg,tsa aloha fun division mid 3f ecoskin 6´8´´ surfboard,equipment,724.99
253,https://www.tradeinn.com/h/13878/138783789/tsa-aloha-black-panda-ecoskin-60-surfboard.jpg,tsa aloha black panda ecoskin 6´0´´ surfboard,equipment,606.99
254,https://www.tradeinn.com/h/13880/138801661/tsa-aloha-fun-division-58-surfboard.jpg,tsa aloha fun division 5´8´´ surfboard,equipment,595.49
255,https://www.tradeinn.com/h/13880/138801664/tsa-vampirate-hybrid-510-surfboard.jpg,tsa vampirate hybrid 5´10´´ surfboard,equipment,736.99
256,https://www.tradeinn.com/h/13878/138783786/tsa-aloha-black-panda-ecoskin-54-surfboard.jpg,tsa aloha black panda ecoskin 5´4´´ surfboard,equipment,706.49
257,https://www.tradeinn.com/h/13878/138783791/tsa-aloha-fun-division-ecoskin-58-surfboard.jpg,tsa aloha fun division ecoskin 5´8´´ surfboard,equipment,586.99
258,https://www.tradeinn.com/h/13878/138783813/tsa-dvs-micro-flax-future-510-surfboard.jpg,tsa dvs micro flax future 5´10´´ surfboard,equipment,736.99
259,https://www.tradeinn.com/h/13878/138783864/tsa-lsd-chubby-chedda-59-surfboard.jpg,tsa lsd chubby chedda 5´9´´ surfboard,equipment,706.49
260,https://www.tradeinn.com/h/13878/138783816/tsa-dvs-micro-lct-fcsii-58-surfboard.jpg,tsa dvs micro lct fcsii 5´8´´ surfboard,equipment,651.99
261,https://www.tradeinn.com/h/13878/138783850/tsa-element-vixen-3f-56-surfboard.jpg,tsa element vixen 3f 5´6´´ surfboard,equipment,595.49
262,https://www.tradeinn.com/h/13878/138783863/tsa-gtx-62-surfboard.jpg,tsa gtx 6´2´´ surfboard,equipment,672.99
263,https://www.tradeinn.com/h/13878/138783865/tsa-mac-coy-all-round-nugget-3f-58-surfboard.jpg,tsa mac coy all round nugget 3f 5´8´´ surfboard,equipment,665.99
264,https://www.tradeinn.com/h/13878/138783889/tsa-wilde-admiral-92-surfboard.jpg,tsa wilde admiral 9´2´´ surfboard,equipment,1009.99
265,https://www.tradeinn.com/h/13900/139001592/tsa-element-vixen-cool-steel-3f-future-510-surfboard.jpg,tsa element vixen cool steel 3f future 5´10´´ surfboard,equipment,588.49
266,https://www.tradeinn.com/h/13900/139001617/tsa-mick-fanning-beastie-soy-3f-future-60-surfboard.jpg,tsa mick fanning beastie soy 3f future 6´0´´ surfboard,equipment,479.99
267,https://www.tradeinn.com/h/13900/139001625/tsa-mick-fanning-catfish-coral-3f-future-58-surfboard.jpg,tsa mick fanning catfish coral 3f future 5´8´´ surfboard,equipment,473.49
268,https://www.tradeinn.com/h/13900/139001574/tsa-element-twin-fish-mustard-3f-future-510-surfboard.jpg,tsa element twin fish mustard 3f future 5´10´´ surfboard,equipment,566.99
269,https://www.tradeinn.com/h/13900/139001570/tsa-element-twin-fish-3f-future-510-surfboard.jpg,tsa element twin fish 3f future 5´10´´ surfboard,equipment,566.99
270,https://www.tradeinn.com/h/13900/139001623/tsa-mick-fanning-catfish-3f-future-54-surfboard.jpg,tsa mick fanning catfish 3f future 5´4´´ surfboard,equipment,473.49
271,https://www.tradeinn.com/h/13900/139001587/tsa-element-vixen-cool-3f-future-60-surfboard.jpg,tsa element vixen cool 3f future 6´0´´ surfboard,equipment,615.49
272,https://www.tradeinn.com/h/13900/139001593/tsa-element-vixen-cool-steel-3f-future-60-surfboard.jpg,tsa element vixen cool steel 3f future 6´0´´ surfboard,equipment,615.49
273,https://www.tradeinn.com/h/13900/139001624/tsa-mick-fanning-catfish-3f-future-58-surfboard.jpg,tsa mick fanning catfish 3f future 5´8´´ surfboard,equipment,473.49
274,https://www.tradeinn.com/h/13812/138121451/trespass-flowdrift-42-bodyboard.jpg,trespass flowdrift 42´´ bodyboard,equipment,22.99
275,https://www.tradeinn.com/h/13812/138121452/trespass-flowdrift-42-bodyboard.jpg,trespass flowdrift 42´´ bodyboard,equipment,22.99
276,https://www.tradeinn.com/h/13874/138745180/trespass-spindrift-40.5-bodyboard.jpg,trespass spindrift 40.5´´ bodyboard,equipment,46.99
277,https://www.tradeinn.com/h/13983/139830242/trespass-flowdrift-42-bodyboard.jpg,trespass flowdrift 42´´ bodyboard,equipment,23.99
278,https://www.tradeinn.com/h/13874/138745198/trespass-spindrift-32.7-bodyboard.jpg,trespass spindrift 32.7´´ bodyboard,equipment,19.49
279,https://www.tradeinn.com/h/13974/139747445/rip-pe-stringer-39-bodyboard.jpg,rip pe stringer 39´´ bodyboard,equipment,130.99
280,https://www.tradeinn.com/h/13974/139747446/rip-pe-stringer-40-bodyboard.jpg,rip pe stringer 40´´ bodyboard,equipment,130.99
281,https://www.tradeinn.com/h/13974/139747444/rip-pe-stringer-37-bodyboard.jpg,rip pe stringer 37´´ bodyboard,equipment,130.99
282,https://www.tradeinn.com/h/13876/138767542/rip-concept-41-bodyboard.jpg,rip concept 41´´ bodyboard,equipment,116.49
283,https://www.tradeinn.com/h/13974/139747448/rip-pe-stringer-42-bodyboard.jpg,rip pe stringer 42´´ bodyboard,equipment,130.99
284,https://www.tradeinn.com/h/13974/139747449/rip-pe-stringer-44-bodyboard.jpg,rip pe stringer 44´´ bodyboard,equipment,130.99
285,https://www.tradeinn.com/h/13876/138767537/rip-bois-7-ply-30-skimboard.jpg,rip bois 7 ply 30´´ skimboard,equipment,23.49
286,https://www.tradeinn.com/h/13878/138782828/rip-team-stringer-44-bodyboard.jpg,rip team stringer 44´´ bodyboard,equipment,131.49
287,https://www.tradeinn.com/h/13878/138782801/rip-storm-reactor-36-bodyboard.jpg,rip storm reactor 36´´ bodyboard,equipment,59.99
288,https://www.tradeinn.com/h/13878/138782824/rip-team-stringer-42-bodyboard.jpg,rip team stringer 42´´ bodyboard,equipment,130.99
289,https://www.tradeinn.com/h/13974/139747447/rip-pe-stringer-41-bodyboard.jpg,rip pe stringer 41´´ bodyboard,equipment,130.99
290,https://www.tradeinn.com/h/13878/138783124/science-style-loaded-quad-vent-f4-41-bodyboard.jpg,science style loaded quad vent f4 41´´ bodyboard,equipment,362.99
291,https://www.tradeinn.com/h/14028/140280461/science-pipe-stringer-42-bodyboard.jpg,science pipe stringer 42´´ bodyboard,equipment,150.99
292,https://www.tradeinn.com/h/13878/138782902/science-hybrid-42-bodyboard.jpg,science hybrid 42´´ bodyboard,equipment,372.99
293,https://www.tradeinn.com/h/13878/138782928/science-launch-tech-ct-39-bodyboard.jpg,science launch tech ct 39´´ bodyboard,equipment,147.99
294,https://www.tradeinn.com/h/13878/138783031/science-pocket-tech-crescent-44-bodyboard.jpg,science pocket tech crescent 44´´ bodyboard,equipment,181.49
295,https://www.tradeinn.com/h/13878/138782912/science-launch-ltd-hv-qv-f4-41.5-bodyboard.jpg,science launch ltd hv qv f4 41.5´´ bodyboard,equipment,362.99
296,https://www.tradeinn.com/h/13878/138782922/science-launch-meerkat-42-bodyboard.jpg,science launch meerkat 42´´ bodyboard,equipment,264.99
297,https://www.tradeinn.com/h/13878/138783125/science-style-loaded-quad-vent-f4-41-bodyboard.jpg,science style loaded quad vent f4 41´´ bodyboard,equipment,362.99
298,https://www.tradeinn.com/h/13878/138782904/science-hybrid-43-bodyboard.jpg,science hybrid 43´´ bodyboard,equipment,372.99
299,https://www.tradeinn.com/h/13878/138782914/science-launch-ltd-hv-qv-f4-41-bodyboard.jpg,science launch ltd hv qv f4 41´´ bodyboard,equipment,280.99
300,https://www.tradeinn.com/h/13878/138782915/science-launch-ltd-hv-qv-f4-42-bodyboard.jpg,science launch ltd hv qv f4 42´´ bodyboard,equipment,280.99
301,https://www.tradeinn.com/h/13878/138783006/science-pipe-stringer-44-bodyboard.jpg,science pipe stringer 44´´ bodyboard,equipment,150.99
302,https://www.tradeinn.com/h/13878/138783113/science-style-loaded-hv-f--41.5-bodyboard.jpg,science style loaded hv f· 41.5´´ bodyboard,equipment,382.99
303,https://www.tradeinn.com/h/13878/138783928/victory-eps-fun-flying-fish-d10-66-surfboard.jpg,victory eps fun flying fish d10 6´6´´ surfboard,equipment,461.99
304,https://www.tradeinn.com/h/13878/138784015/victory-eps-mousse-malibu-60-surfboard.jpg,victory eps mousse malibu 6´0´´ surfboard,equipment,352.99
305,https://www.tradeinn.com/h/13878/138784022/victory-eps-pointed-60-surfboard.jpg,victory eps pointed 6´0´´ surfboard,equipment,290.99
306,https://www.tradeinn.com/h/13878/138784025/victory-eps-soft-3-stringer-90-surfboard.jpg,victory eps soft 3 stringer 9´0´´ surfboard,equipment,608.99
307,https://www.tradeinn.com/h/13878/138784027/victory-eps-soft-3-stringer-90-surfboard.jpg,victory eps soft 3 stringer 9´0´´ surfboard,equipment,675.99
308,https://www.tradeinn.com/h/13878/138784073/victory-sof-eps-wide-76-surfboard.jpg,victory sof eps wide 7´6´´ surfboard,equipment,545.49
309,https://www.tradeinn.com/h/13878/138784102/victory-torpedo-swallow-47-surfboard.jpg,victory torpedo swallow 4´7´´ surfboard,equipment,232.49
310,https://www.tradeinn.com/h/13878/138784088/victory-soft-eps-modele-r-80-surfboard.jpg,victory soft eps modele r 8´0´´ surfboard,equipment,454.49
311,https://www.tradeinn.com/h/13878/138784095/victory-soft-wide-80-surfboard.jpg,victory soft wide 8´0´´ surfboard,equipment,590.99
312,https://www.tradeinn.com/h/13878/138783959/victory-eps-malibu-70-surfboard.jpg,victory eps malibu 7´0´´ surfboard,equipment,443.99
313,https://www.tradeinn.com/h/13878/138783962/victory-eps-malibu-70-surfboard.jpg,victory eps malibu 7´0´´ surfboard,equipment,443.99
314,https://www.tradeinn.com/h/13878/138783964/victory-eps-malibu-76-surfboard.jpg,victory eps malibu 7´6´´ surfboard,equipment,483.99
315,https://www.tradeinn.com/h/13878/138783966/victory-eps-malibu-76-surfboard.jpg,victory eps malibu 7´6´´ surfboard,equipment,483.99
316,https://www.tradeinn.com/h/13878/138784017/victory-eps-mousse-malibu-swallow-66-surfboard.jpg,victory eps mousse malibu swallow 6´6´´ surfboard,equipment,399.99
317,https://www.tradeinn.com/h/13878/138784019/victory-eps-mousse-malibu-swallow-66-surfboard.jpg,victory eps mousse malibu swallow 6´6´´ surfboard,equipment,443.99
318,https://www.tradeinn.com/h/13878/138784033/victory-eps-swallow-tail-thruster-flying-fish-d2-60-surfboard.jpg,victory eps swallow tail thruster flying fish d2 6´0´´ surfboard,equipment,453.99
319,https://www.tradeinn.com/h/13878/138784075/victory-soft-eps-dw8-76-surfboard.jpg,victory soft eps dw8 7´6´´ surfboard,equipment,605.49
320,https://www.tradeinn.com/h/13878/138784076/victory-soft-eps-dw8-76-surfboard.jpg,victory soft eps dw8 7´6´´ surfboard,equipment,545.49
321,https://www.tradeinn.com/h/13878/138784077/victory-soft-eps-modele-n-80-surfboard.jpg,victory soft eps modele n 8´0´´ surfboard,equipment,504.49
322,https://www.tradeinn.com/h/13878/138784078/victory-soft-eps-modele-n-80-surfboard.jpg,victory soft eps modele n 8´0´´ surfboard,equipment,504.49
323,https://www.tradeinn.com/h/13878/138784082/victory-soft-eps-modele-n-80-surfboard.jpg,victory soft eps modele n 8´0´´ surfboard,equipment,504.49
324,https://www.tradeinn.com/h/13878/138784083/victory-soft-eps-modele-r-80-surfboard.jpg,victory soft eps modele r 8´0´´ surfboard,equipment,504.49
325,https://www.tradeinn.com/h/13878/138784108/victory-wide-70-surfboard.jpg,victory wide 7´0´´ surfboard,equipment,605.49
326,https://www.tradeinn.com/h/13974/139747532/victory-eps-swallow-tail-flying-fish-design-3-60-surfboard.jpg,victory eps swallow tail flying fish design 3 6´0´´ surfboard,equipment,392.99
327,https://www.tradeinn.com/h/13974/139747537/victory-eps-swallow-tail-flying-fish-design-7-64-surfboard.jpg,victory eps swallow tail flying fish design 7 6´4´´ surfboard,equipment,403.49
328,https://www.tradeinn.com/h/13974/139747509/victory-eps-dw8-80-surfboard.jpg,victory eps dw8 8´0´´ surfboard,equipment,554.99
329,https://www.tradeinn.com/h/13878/138783952/victory-eps-malibu-soft-70-surfboard.jpg,victory eps malibu soft 7´0´´ surfboard,equipment,417.99
330,https://www.tradeinn.com/h/13878/138783960/victory-eps-malibu-70-surfboard.jpg,victory eps malibu 7´0´´ surfboard,equipment,399.99
331,https://www.tradeinn.com/h/13878/138784021/victory-eps-pointed-60-surfboard.jpg,victory eps pointed 6´0´´ surfboard,equipment,290.99
332,https://www.tradeinn.com/h/13878/138784074/victory-sof-eps-wide-76-surfboard.jpg,victory sof eps wide 7´6´´ surfboard,equipment,545.49
333,https://www.tradeinn.com/h/13878/138784100/victory-torpedo-swallow-47-surfboard.jpg,victory torpedo swallow 4´7´´ surfboard,equipment,232.49
334,https://www.tradeinn.com/h/13878/138783951/victory-eps-malibu-soft-70-surfboard.jpg,victory eps malibu soft 7´0´´ surfboard,equipment,417.99
335,https://www.tradeinn.com/h/13878/138783955/victory-eps-malibu-soft-70-surfboard.jpg,victory eps malibu soft 7´0´´ surfboard,equipment,463.99
336,https://www.tradeinn.com/h/13878/138783956/victory-eps-malibu-soft-70-surfboard.jpg,victory eps malibu soft 7´0´´ surfboard,equipment,463.99
337,https://www.tradeinn.com/h/13878/138784018/victory-eps-mousse-malibu-swallow-66-surfboard.jpg,victory eps mousse malibu swallow 6´6´´ surfboard,equipment,399.99
338,https://www.tradeinn.com/h/13878/138784024/victory-eps-soft-3-stringer-90-surfboard.jpg,victory eps soft 3 stringer 9´0´´ surfboard,equipment,675.99
339,https://www.tradeinn.com/h/13878/138784079/victory-soft-eps-modele-n-80-surfboard.jpg,victory soft eps modele n 8´0´´ surfboard,equipment,504.49
340,https://www.tradeinn.com/h/13878/138784085/victory-soft-eps-modele-r-80-surfboard.jpg,victory soft eps modele r 8´0´´ surfboard,equipment,454.49
341,https://www.tradeinn.com/h/13878/138784086/victory-soft-eps-modele-r-80-surfboard.jpg,victory soft eps modele r 8´0´´ surfboard,equipment,454.49
342,https://www.tradeinn.com/h/13878/138784103/victory-torpedo-swallow-47-surfboard.jpg,victory torpedo swallow 4´7´´ surfboard,equipment,232.49
343,https://www.tradeinn.com/h/13878/138784106/victory-wide-70-surfboard.jpg,victory wide 7´0´´ surfboard,equipment,605.49
344,https://www.tradeinn.com/h/13878/138784109/victory-wide-70-surfboard.jpg,victory wide 7´0´´ surfboard,equipment,545.49
345,https://www.tradeinn.com/h/13878/138784026/victory-eps-soft-3-stringer-90-surfboard.jpg,victory eps soft 3 stringer 9´0´´ surfboard,equipment,675.99
346,https://www.tradeinn.com/h/13974/139747510/victory-eps-dw8-80-surfboard.jpg,victory eps dw8 8´0´´ surfboard,equipment,554.99
347,https://www.tradeinn.com/h/13974/139747526/victory-eps-swallow-tail-flying-fish-design-10-610-surfboard.jpg,victory eps swallow tail flying fish design 10 6´10´´ surfboard,equipment,429.99
348,https://www.tradeinn.com/h/13974/139747539/victory-eps-wide-80-surfboard.jpg,victory eps wide 8´0´´ surfboard,equipment,554.99
349,https://www.tradeinn.com/h/14039/140392306/north-kb-charge-511-surfboard.jpg,north kb charge 5´11 surfboard,equipment,1333.99
350,https://www.tradeinn.com/h/14039/140392308/north-kb-charge-57-surfboard.jpg,north kb charge 5´7 surfboard,equipment,1333.99
351,https://www.tradeinn.com/h/14039/140392326/north-kb-cross-55-surfboard.jpg,north kb cross 5´5 surfboard,equipment,1280.99
352,https://www.tradeinn.com/h/14039/140392309/north-kb-charge-59-surfboard.jpg,north kb charge 5´9 surfboard,equipment,1333.99
353,https://www.tradeinn.com/h/14039/140392316/north-kb-comp-410-surfboard.jpg,north kb comp 4´10 surfboard,equipment,1494.49
354,https://www.tradeinn.com/h/14039/140392317/north-kb-comp-50-surfboard.jpg,north kb comp 5´0 surfboard,equipment,1494.49
355,https://www.tradeinn.com/h/14039/140392318/north-kb-comp-52-surfboard.jpg,north kb comp 5´2 surfboard,equipment,1494.49
356,https://www.tradeinn.com/h/14039/140392324/north-kb-cross-51-surfboard.jpg,north kb cross 5´1 surfboard,equipment,1280.99
357,https://www.tradeinn.com/h/14039/140392325/north-kb-cross-53-surfboard.jpg,north kb cross 5´3 surfboard,equipment,1280.99
358,https://www.tradeinn.com/h/14039/140392307/north-kb-charge-55-surfboard.jpg,north kb charge 5´5 surfboard,equipment,1333.99
359,https://www.tradeinn.com/h/13952/139526579/frozen-75x59-cm-inflatable-table.jpg,frozen 75x59 cm inflatable table,equipment,8.99
360,https://www.tradeinn.com/h/13898/138987494/stewart-949-poly-76-surfboard.jpg,stewart 949 poly 7´6´´ surfboard,equipment,1479.99
361,https://www.tradeinn.com/h/13898/138987505/stewart-fnl-poly-gloss-74-surfboard.jpg,stewart fnl poly gloss 7´4´´ surfboard,equipment,1334.99
362,https://www.tradeinn.com/h/13898/138987517/stewart-rdl-poly-gloss-90-surfboard.jpg,stewart rdl poly gloss 9´0´´ surfboard,equipment,1696.49
363,https://www.tradeinn.com/h/13912/139121530/stewart-949-poly-118659-72-surfboard.jpg,stewart 949 poly 118659 7´2´´ surfboard,equipment,1215.99
364,https://www.tradeinn.com/h/13912/139121564/stewart-fnl-poly-118636-70-surfboard.jpg,stewart fnl poly 118636 7´0´´ surfboard,equipment,1180.99
365,https://www.tradeinn.com/h/13912/139121625/stewart-fnl-poly-118691-74-surfboard.jpg,stewart fnl poly 118691 7´4´´ surfboard,equipment,1180.99
366,https://www.tradeinn.com/h/13938/139384039/stewart-fnl-poly-72-surfboard.jpg,stewart fnl poly 7´2´´ surfboard,equipment,1180.99
367,https://www.tradeinn.com/h/13878/138781985/album-surfboard-album-soft-top-presto-cotton-drops-57-surfboard.jpg,album surfboard album soft top presto cotton drops 5´7´´ surfboar...,equipment,624.99
368,https://www.tradeinn.com/h/13878/138781987/album-surfboard-soft-top-kookapinto-711-surfboard.jpg,album surfboard soft top kookapinto 7´11´´ surfboard,equipment,766.99
369,https://www.tradeinn.com/h/13878/138781988/album-surfboard-soft-top-kookapinto-711-surfboard.jpg,album surfboard soft top kookapinto 7´11´´ surfboard,equipment,665.99
370,https://www.tradeinn.com/h/13878/138782006/almond-mailbox-54-surfboard.jpg,almond mailbox 5´4´´ surfboard,equipment,990.0
371,https://www.tradeinn.com/h/13878/138782007/almond-mailbox-55-surfboard.jpg,almond mailbox 5´5´´ surfboard,equipment,940.99
372,https://www.tradeinn.com/h/13878/138782008/almond-pinwheel-92-surfboard.jpg,almond pinwheel 9´2´´ surfboard,equipment,1690.99
373,https://www.tradeinn.com/h/13878/138782015/almond-plez-phez-66-surfboard.jpg,almond plez phez 6´6´´ surfboard,equipment,1517.99
374,https://www.tradeinn.com/h/13878/138782017/almond-secret-menu-r-series-54-surfboard.jpg,almond secret menu r series 5´4´´ surfboard,equipment,504.49
375,https://www.tradeinn.com/h/13878/138782018/almond-secret-menu-r-series-54-surfboard.jpg,almond secret menu r series 5´4´´ surfboard,equipment,534.99
376,https://www.tradeinn.com/h/13878/138782019/almond-secret-menu-r-series-54-surfboard.jpg,almond secret menu r series 5´4´´ surfboard,equipment,534.99
377,https://www.tradeinn.com/h/13878/138782020/almond-secret-menu-r-series-54-surfboard.jpg,almond secret menu r series 5´4´´ surfboard,equipment,534.99
378,https://www.tradeinn.com/h/13878/138782233/boardworks-boysen-ampplifier-semi-fish-510-surfboard.jpg,boardworks boysen ampplifier semi fish 5´10´´ surfboard,equipment,671.49
379,https://www.tradeinn.com/h/13878/138782234/boardworks-hynson-knight-quad-ii-510-surfboard.jpg,boardworks hynson knight quad ii 5´10´´ surfboard,equipment,813.49
380,https://www.tradeinn.com/h/13878/138782242/boardworks-von-sol-shadow-57-surfboard.jpg,boardworks von sol shadow 5´7´´ surfboard,equipment,752.49
381,https://www.tradeinn.com/h/13878/138782245/boardworks-von-sol-shadow-59-surfboard.jpg,boardworks von sol shadow 5´9´´ surfboard,equipment,766.49
382,https://www.tradeinn.com/h/13878/138782303/clayton-black-label-rox-57-surfboard.jpg,clayton black label rox 5´7´´ surfboard,equipment,564.99
383,https://www.tradeinn.com/h/13878/138782309/clayton-cosmic-58-surfboard.jpg,clayton cosmic 5´8´´ surfboard,equipment,605.49
384,https://www.tradeinn.com/h/13878/138782311/clayton-cosmic-62-surfboard.jpg,clayton cosmic 6´2´´ surfboard,equipment,605.49
385,https://www.tradeinn.com/h/13878/138782331/clayton-jester-fish-511-surfboard.jpg,clayton jester fish 5´11´´ surfboard,equipment,655.99
386,https://www.tradeinn.com/h/13878/138782334/clayton-lcd-56-surfboard.jpg,clayton lcd 5´6´´ surfboard,equipment,584.99
387,https://www.tradeinn.com/h/13878/138782338/clayton-makoi-fish-05-60-surfboard.jpg,clayton makoi fish 05 6´0´´ surfboard,equipment,605.99
388,https://www.tradeinn.com/h/13878/138782339/clayton-makoi-fish-510-surfboard.jpg,clayton makoi fish 5´10´´ surfboard,equipment,605.99
389,https://www.tradeinn.com/h/13878/138782340/clayton-makoi-510-surfboard.jpg,clayton makoi 5´10´´ surfboard,equipment,564.99
390,https://www.tradeinn.com/h/13878/138782350/clayton-mongrel-58-surfboard.jpg,clayton mongrel 5´8´´ surfboard,equipment,595.49
391,https://www.tradeinn.com/h/13878/138782352/clayton-ned-kelly-510-surfboard.jpg,clayton ned kelly 5´10´´ surfboard,equipment,587.99
392,https://www.tradeinn.com/h/13878/138782354/clayton-ned-kelly-60-surfboard.jpg,clayton ned kelly 6´0´´ surfboard,equipment,588.99
393,https://www.tradeinn.com/h/13878/138782355/clayton-ned-kelly-61-surfboard.jpg,clayton ned kelly 6´1´´ surfboard,equipment,655.99
394,https://www.tradeinn.com/h/13878/138782356/clayton-ned-kelly-62-surfboard.jpg,clayton ned kelly 6´2´´ surfboard,equipment,587.99
395,https://www.tradeinn.com/h/13878/138782357/clayton-noserider-59.4l-90-surfboard.jpg,clayton noserider 59.4l 9´0´´ surfboard,equipment,968.99
396,https://www.tradeinn.com/h/13878/138782358/clayton-noserider-2-fin-63.7l-90-surfboard.jpg,clayton noserider 2 fin 63.7l 9´0´´ surfboard,equipment,968.99
397,https://www.tradeinn.com/h/13878/138782360/clayton-performer-66l-90-surfboard.jpg,clayton performer 66l 9´0´´ surfboard,equipment,1000.49
398,https://www.tradeinn.com/h/13878/138782363/clayton-pro-future-58-surfboard.jpg,clayton pro future 5´8´´ surfboard,equipment,605.99
399,https://www.tradeinn.com/h/13878/138782374/clayton-retro-fish-510-surfboard.jpg,clayton retro fish 5´10´´ surfboard,equipment,595.49
400,https://www.tradeinn.com/h/13878/138782377/clayton-retro-fish-58-surfboard.jpg,clayton retro fish 5´8´´ surfboard,equipment,595.49
401,https://www.tradeinn.com/h/13878/138782389/clayton-spinetek-epoxy-58-surfboard.jpg,clayton spinetek epoxy 5´8´´ surfboard,equipment,756.99
402,https://www.tradeinn.com/h/13878/138782396/clayton-swivel-510-surfboard.jpg,clayton swivel 5´10´´ surfboard,equipment,655.99
403,https://www.tradeinn.com/h/13878/138782408/clayton-twinny-58-surfboard.jpg,clayton twinny 5´8´´ surfboard,equipment,564.99
404,https://www.tradeinn.com/h/13878/138782409/clayton-twinny-59-surfboard.jpg,clayton twinny 5´9´´ surfboard,equipment,564.99
405,https://www.tradeinn.com/h/13878/138782410/clayton-twinny-61-surfboard.jpg,clayton twinny 6´1´´ surfboard,equipment,564.99
406,https://www.tradeinn.com/h/13878/138782381/clayton-rocket-57-surfboard.jpg,clayton rocket 5´7´´ surfboard,equipment,605.99
407,https://www.tradeinn.com/h/13878/138782387/clayton-rox-59-surfboard.jpg,clayton rox 5´9´´ surfboard,equipment,554.99
408,https://www.tradeinn.com/h/13878/138782404/clayton-trixter-56-surfboard.jpg,clayton trixter 5´6´´ surfboard,equipment,554.99
409,https://www.tradeinn.com/h/13878/138782407/clayton-twinny-57-surfboard.jpg,clayton twinny 5´7´´ surfboard,equipment,564.99
410,https://www.tradeinn.com/h/13878/138783380/stewart-949-poly-funboards-mini-malibus-76-surfboard.jpg,stewart 949 poly funboards&mini malibus 7´6´´ surfboard,equipment,1221.99
411,https://www.tradeinn.com/h/13878/138783394/stewart-fun-72-surfboard.jpg,stewart fun 7´2´´ surfboard,equipment,1242.99
412,https://www.tradeinn.com/h/13878/138783397/stewart-fun-78-surfboard.jpg,stewart fun 7´8´´ surfboard,equipment,1287.99
413,https://www.tradeinn.com/h/13878/138783398/stewart-fun-80-surfboard.jpg,stewart fun 8´0´´ surfboard,equipment,1242.99
414,https://www.tradeinn.com/h/13878/138783402/stewart-mighty-flyer-92-surfboard.jpg,stewart mighty flyer 9´2´´ surfboard,equipment,1514.99
415,https://www.tradeinn.com/h/13878/138783403/stewart-poly-fun-72-surfboard.jpg,stewart poly fun 7´2´´ surfboard,equipment,1079.99
416,https://www.tradeinn.com/h/13878/138783416/stewart-ripster-long-pu-96-surfboard.jpg,stewart ripster long pu 9´6´´ surfboard,equipment,1746.99
417,https://www.tradeinn.com/h/13878/138783432/storm-blade-beluga-mini-malibu-lb2-70-surfboard.jpg,storm blade beluga mini malibu lb2 7´0´´ surfboard,equipment,446.99
418,https://www.tradeinn.com/h/13878/138783433/storm-blade-beluga-mini-malibu-lb2-72-surfboard.jpg,storm blade beluga mini malibu lb2 7´2´´ surfboard,equipment,456.49
419,https://www.tradeinn.com/h/13878/138783439/storm-blade-beluga-mini-malibu-lb20-72-surfboard.jpg,storm blade beluga mini malibu lb20 7´2´´ surfboard,equipment,456.49
420,https://www.tradeinn.com/h/13878/138783443/storm-blade-beluga-mini-malibu-lb21-610-surfboard.jpg,storm blade beluga mini malibu lb21 6´10´´ surfboard,equipment,484.99
421,https://www.tradeinn.com/h/13878/138783450/storm-blade-beluga-mini-malibu-lb22-70-surfboard.jpg,storm blade beluga mini malibu lb22 7´0´´ surfboard,equipment,446.99
422,https://www.tradeinn.com/h/13878/138783454/storm-blade-beluga-mini-malibu-lb24-68-surfboard.jpg,storm blade beluga mini malibu lb24 6´8´´ surfboard,equipment,417.49
423,https://www.tradeinn.com/h/13878/138783482/storm-blade-beluga-pu-mini-malibu-thruster-lb25-72-surfboard.jpg,storm blade beluga pu mini malibu thruster lb25 7´2´´ surfboard,equipment,456.49
424,https://www.tradeinn.com/h/13878/138783489/storm-blade-blue-whale-long-lb24-80-surfboard.jpg,storm blade blue whale long lb24 8´0´´ surfboard,equipment,518.99
425,https://www.tradeinn.com/h/13878/138783490/storm-blade-blue-whale-long-lb25-80-surfboard.jpg,storm blade blue whale long lb25 8´0´´ surfboard,equipment,518.99
426,https://www.tradeinn.com/h/13878/138783492/storm-blade-blue-whale-long-square-tail-lb2-90-surfboard.jpg,storm blade blue whale long square tail lb2 9´0´´ surfboard,equipment,606.99
427,https://www.tradeinn.com/h/13878/138783493/storm-blade-blue-whale-long-square-tail-lb20-90-surfboard.jpg,storm blade blue whale long square tail lb20 9´0´´ surfboard,equipment,606.99
428,https://www.tradeinn.com/h/13878/138783494/storm-blade-blue-whale-long-square-tail-lb21-90-surfboard.jpg,storm blade blue whale long square tail lb21 9´0´´ surfboard,equipment,760.99
429,https://www.tradeinn.com/h/13878/138783497/storm-blade-blue-whale-long-square-tail-lb25-90-surfboard.jpg,storm blade blue whale long square tail lb25 9´0´´ surfboard,equipment,606.99
430,https://www.tradeinn.com/h/13878/138783511/storm-blade-flying-fish-swallow-tail-d1-66-surfboard.jpg,storm blade flying fish swallow tail d1 6´6´´ surfboard,equipment,404.99
431,https://www.tradeinn.com/h/13878/138783519/storm-blade-flying-fish-swallow-tail-d13-66-surfboard.jpg,storm blade flying fish swallow tail d13 6´6´´ surfboard,equipment,404.99
432,https://www.tradeinn.com/h/13878/138783536/storm-blade-flying-fish-swallow-tail-d6-610-surfboard.jpg,storm blade flying fish swallow tail d6 6´10´´ surfboard,equipment,452.99
433,https://www.tradeinn.com/h/13878/138783545/storm-blade-flying-fish-swallow-tail-d9-610-surfboard.jpg,storm blade flying fish swallow tail d9 6´10´´ surfboard,equipment,452.99
434,https://www.tradeinn.com/h/13878/138783548/storm-blade-mini-malibu-squash-tail-thruster-b-d1-64-surfboard.jpg,storm blade mini malibu squash tail thruster b d1 6´4´´ surfboard...,equipment,438.99
435,https://www.tradeinn.com/h/13878/138783388/stewart-comp-fun-70-surfboard.jpg,stewart comp fun 7´0´´ surfboard,equipment,1171.99
436,https://www.tradeinn.com/h/13878/138783391/stewart-comp-fun-78-surfboard.jpg,stewart comp fun 7´8´´ surfboard,equipment,1283.99
437,https://www.tradeinn.com/h/13878/138783413/stewart-ripster-long-pu-111659-90-surfboard.jpg,stewart ripster long pu 111659 9´0´´ surfboard,equipment,1677.99
438,https://www.tradeinn.com/h/13878/138783415/stewart-ripster-long-pu-94-surfboard.jpg,stewart ripster long pu 9´4´´ surfboard,equipment,1677.99
439,https://www.tradeinn.com/h/13878/138783430/storm-blade-beluga-mini-malibu-d13-74-surfboard.jpg,storm blade beluga mini malibu d13 7´4´´ surfboard,equipment,458.99
440,https://www.tradeinn.com/h/13878/138783422/stewart-tipster-92-surfboard.jpg,stewart tipster 9´2´´ surfboard,equipment,1546.99
441,https://www.tradeinn.com/h/13878/138783451/storm-blade-beluga-mini-malibu-lb22-72-surfboard.jpg,storm blade beluga mini malibu lb22 7´2´´ surfboard,equipment,456.49
442,https://www.tradeinn.com/h/13878/138783452/storm-blade-beluga-mini-malibu-lb22-74-surfboard.jpg,storm blade beluga mini malibu lb22 7´4´´ surfboard,equipment,458.99
443,https://www.tradeinn.com/h/13878/138783455/storm-blade-beluga-mini-malibu-lb24-70-surfboard.jpg,storm blade beluga mini malibu lb24 7´0´´ surfboard,equipment,446.99
444,https://www.tradeinn.com/h/13878/138783460/storm-blade-beluga-mini-malibu-lb25-610-surfboard.jpg,storm blade beluga mini malibu lb25 6´10´´ surfboard,equipment,404.99
445,https://www.tradeinn.com/h/13878/138783461/storm-blade-beluga-mini-malibu-lb25-68-surfboard.jpg,storm blade beluga mini malibu lb25 6´8´´ surfboard,equipment,417.49
446,https://www.tradeinn.com/h/13878/138783467/storm-blade-beluga-mini-malibu-lb4-74-surfboard.jpg,storm blade beluga mini malibu lb4 7´4´´ surfboard,equipment,458.99
447,https://www.tradeinn.com/h/13878/138783480/storm-blade-beluga-pu-mini-malibu-squash-tail-thruster-10-72-surfboard.jpg,storm blade beluga pu mini malibu squash tail thruster 10 7´2´´ s...,equipment,456.49
448,https://www.tradeinn.com/h/13878/138783515/storm-blade-flying-fish-swallow-tail-d10-66-surfboard.jpg,storm blade flying fish swallow tail d10 6´6´´ surfboard,equipment,404.99
449,https://www.tradeinn.com/h/13878/138783531/storm-blade-flying-fish-swallow-tail-d4-66-surfboard.jpg,storm blade flying fish swallow tail d4 6´6´´ surfboard,equipment,412.99
450,https://www.tradeinn.com/h/13878/138783560/storm-blade-orca-d1-72-surfboard.jpg,storm blade orca d1 7´2´´ surfboard,equipment,452.49
451,https://www.tradeinn.com/h/13875/138755139/moana-one-36-bodyboard-with-leash.jpg,moana one 36´´ bodyboard with leash,equipment,62.99
452,https://www.tradeinn.com/h/13875/138755141/moana-one-39-bodyboard-with-leash.jpg,moana one 39´´ bodyboard with leash,equipment,62.99
453,https://www.tradeinn.com/h/13875/138755143/moana-one-42-bodyboard-with-leash.jpg,moana one 42´´ bodyboard with leash,equipment,56.99
454,https://www.tradeinn.com/h/13875/138755145/moana-one-44-bodyboard-with-leash.jpg,moana one 44´´ bodyboard with leash,equipment,56.99
455,https://www.tradeinn.com/h/13875/138755148/moana-two-bodyboard-36.jpg,moana two bodyboard 36´´,equipment,71.99
456,https://www.tradeinn.com/h/13875/138755149/moana-two-bodyboard-39.jpg,moana two bodyboard 39´´,equipment,70.99
457,https://www.tradeinn.com/h/13875/138755151/moana-two-bodyboard-43.jpg,moana two bodyboard 43´´,equipment,70.99
458,https://www.tradeinn.com/h/13812/138125118/moana-one-with-leash-44-bodyboard.jpg,moana one with leash 44´´ bodyboard,equipment,62.99
459,https://www.tradeinn.com/h/13812/138125120/moana-one-with-leash-39-bodyboard.jpg,moana one with leash 39´´ bodyboard,equipment,60.99
460,https://www.tradeinn.com/h/13900/139008197/album-surfboard-soft-top-presto-electric-cloud-foam-57-surfboard.jpg,album surfboard soft top presto electric cloud foam 5´7´´ surfboa...,equipment,536.49
461,https://www.tradeinn.com/h/13898/138987431/g-s-surfboards-summerfish-tint-gloss-polished-3-f-future-510-surfboard.jpg,g&s surfboards summerfish tint gloss&polished 3 f future 5´10´´ s...,equipment,1220.99
462,https://www.tradeinn.com/h/13898/138987534/storm-blade-eps-soft-modele-r-80-surfboard.jpg,storm blade eps soft modele r 8´0´´ surfboard,equipment,504.49
463,https://www.tradeinn.com/h/13898/138987427/g-s-surfboards-drone-tint-gloss-polished-us-box-2-side-future-66-surfboard.jpg,g&s surfboards drone tint gloss&polished us box 2 side future 6´6...,equipment,1277.49
464,https://www.tradeinn.com/h/13898/138987528/storm-blade-eps-soft-malibu-70-surfboard.jpg,storm blade eps soft malibu 7´0´´ surfboard,equipment,443.99
465,https://www.tradeinn.com/h/13898/138987535/storm-blade-eps-soft-90-surfboard.jpg,storm blade eps soft 9´0´´ surfboard,equipment,675.99
466,https://www.tradeinn.com/h/13900/139001506/resin-8-tokoro-64-surfboard.jpg,resin 8 tokoro 6´4´´ surfboard,equipment,365.99
467,https://www.tradeinn.com/h/13974/139747459/stewart-funboard-comp-poly-76-surfboard.jpg,stewart funboard comp poly 7´6´´ surfboard,equipment,1460.99
468,https://www.tradeinn.com/h/13805/138055085/moana-wedge-39-bodyboard.jpg,moana wedge 39´´ bodyboard,equipment,30.99
469,https://www.tradeinn.com/h/14028/140289393/flysurf-double-agent-7.0-surfboard.jpg,flysurf double agent 7.0 surfboard,equipment,295.99
470,https://www.tradeinn.com/h/14028/140289400/flysurf-summer-thriller-fish-surfboard.jpg,flysurf summer thriller fish surfboard,equipment,333.99
471,https://www.tradeinn.com/h/13974/139747495/storm-blade-mini-malibu-beluga-design-lb24-76-surfboard.jpg,storm blade mini malibu beluga design lb24 7´6´´ surfboard,equipment,484.99
472,https://www.tradeinn.com/h/13974/139747474/stewart-ripster-poly-90-surfboard.jpg,stewart ripster poly 9´0´´ surfboard,equipment,1938.99
473,https://www.tradeinn.com/h/13974/139747283/album-surfboard-soft-top-seaskate-x-410-surfboard.jpg,album surfboard soft top seaskate x 4´10´´ surfboard,equipment,534.99
474,https://www.tradeinn.com/h/13974/139747357/dewey-weber-easy-rider-60-surfboard.jpg,dewey weber easy rider 6´0´´ surfboard,equipment,635.99
475,https://www.tradeinn.com/h/13974/139747358/dewey-weber-easy-rider-63-surfboard.jpg,dewey weber easy rider 6´3´´ surfboard,equipment,635.99
476,https://www.tradeinn.com/h/13974/139747460/stewart-funboard-comp-poly-76-surfboard.jpg,stewart funboard comp poly 7´6´´ surfboard,equipment,1504.49
477,https://www.tradeinn.com/h/13974/139747461/stewart-funboard-comp-poly-sand-art-70-surfboard.jpg,stewart funboard comp poly sand art 7´0´´ surfboard,equipment,1524.99
478,https://www.tradeinn.com/h/13974/139747469/stewart-redline-11-poly-121643-90-surfboard.jpg,stewart redline 11 poly 121643 9´0´´ surfboard,equipment,1651.99
479,https://www.tradeinn.com/h/13974/139747479/stewart-s-winger-pu-poly-121698-68-surfboard.jpg,stewart s-winger pu poly 121698 6´8´´ surfboard,equipment,1150.99
480,https://www.tradeinn.com/h/13974/139747481/stewart-s-winger-pu-poly-121700-70-surfboard.jpg,stewart s-winger pu poly 121700 7´0´´ surfboard,equipment,1197.49
481,https://www.tradeinn.com/h/13974/139747275/album-surfboard-soft-top-kookalog-blackout-x-711-surfboard.jpg,album surfboard soft top kookalog blackout x 7´11´´ surfboard,equipment,766.99
482,https://www.tradeinn.com/h/13974/139747277/album-surfboard-soft-top-kookalog-sea-foam-711-surfboard.jpg,album surfboard soft top kookalog sea foam 7´11´´ surfboard,equipment,665.99
483,https://www.tradeinn.com/h/13974/139747281/album-surfboard-soft-top-seaskate-insanity-x-410-surfboard.jpg,album surfboard soft top seaskate insanity x 4´10´´ surfboard,equipment,504.99
484,https://www.tradeinn.com/h/13974/139747287/almond-joy-r-series-sage-design-80-surfboard.jpg,almond joy r-series sage design 8´0´´ surfboard,equipment,776.99
485,https://www.tradeinn.com/h/13974/139747289/almond-plez-phez-r-series-chart-64-surfboard.jpg,almond plez phez r-series chart 6´4´´ surfboard,equipment,659.99
486,https://www.tradeinn.com/h/13974/139747292/almond-secret-menu-r-series-peel-54-surfboard.jpg,almond secret menu r-series peel 5´4´´ surfboard,equipment,534.99
487,https://www.tradeinn.com/h/13974/139747355/dewey-weber-easy-rider-60-surfboard.jpg,dewey weber easy rider 6´0´´ surfboard,equipment,635.99
488,https://www.tradeinn.com/h/13974/139747356/dewey-weber-easy-rider-60-surfboard.jpg,dewey weber easy rider 6´0´´ surfboard,equipment,635.99
489,https://www.tradeinn.com/h/13974/139747360/dewey-weber-easy-rider-63-surfboard.jpg,dewey weber easy rider 6´3´´ surfboard,equipment,681.99
490,https://www.tradeinn.com/h/13974/139747361/dewey-weber-easy-rider-66-surfboard.jpg,dewey weber easy rider 6´6´´ surfboard,equipment,636.49
491,https://www.tradeinn.com/h/13974/139747368/dewey-weber-quantum-longboard-72-surfboard.jpg,dewey weber quantum longboard 7´2´´ surfboard,equipment,654.49
492,https://www.tradeinn.com/h/13974/139747369/dewey-weber-quantum-longboard-72-surfboard.jpg,dewey weber quantum longboard 7´2´´ surfboard,equipment,657.99
493,https://www.tradeinn.com/h/13974/139747373/dewey-weber-quantum-longboard-76-surfboard.jpg,dewey weber quantum longboard 7´6´´ surfboard,equipment,716.49
494,https://www.tradeinn.com/h/13974/139747376/dewey-weber-quantum-longboard-82-surfboard.jpg,dewey weber quantum longboard 8´2´´ surfboard,equipment,772.49
495,https://www.tradeinn.com/h/13974/139747390/dewey-weber-swish-60-surfboard.jpg,dewey weber swish 6´0´´ surfboard,equipment,665.99
496,https://www.tradeinn.com/h/13974/139747477/stewart-ripster-poly-94-surfboard.jpg,stewart ripster poly 9´4´´ surfboard,equipment,1938.99
497,https://www.tradeinn.com/h/14012/140127609/zeus-surfboards-classic-70-ixpe-bodyboard.jpg,zeus surfboards classic 7´0 ixpe bodyboard,equipment,343.49
498,https://www.tradeinn.com/h/14012/140127613/zeus-surfboards-classic-76-ixpe-bodyboard.jpg,zeus surfboards classic 7´6 ixpe bodyboard,equipment,358.49
499,https://www.tradeinn.com/h/13812/138125117/moana-one-with-leash-36-bodyboard.jpg,moana one with leash 36´´ bodyboard,equipment,56.99
500,https://www.tradeinn.com/h/13812/138125122/moana-two-44-bodyboard.jpg,moana two 44´´ bodyboard,equipment,70.99
501,https://www.tradeinn.com/h/13878/138781984/akt-mousse-56-surfboard.jpg,akt mousse 5´6´´ surfboard,equipment,232.99
502,https://www.tradeinn.com/h/13878/138781986/album-surfboard-album-soft-top-presto-seafoam-drops-57-surfboard.jpg,album surfboard album soft top presto seafoam drops 5´7´´ surfboa...,equipment,624.99
503,https://www.tradeinn.com/h/13878/138782003/almond-joy-r-series-80-surfboard.jpg,almond joy r series 8´0´´ surfboard,equipment,772.99
504,https://www.tradeinn.com/h/13878/138782011/almond-plez-phez-r-series-64-surfboard.jpg,almond plez phez r series 6´4´´ surfboard,equipment,706.99
505,https://www.tradeinn.com/h/13878/138782021/almond-secret-menu-r-series-54-surfboard.jpg,almond secret menu r series 5´4´´ surfboard,equipment,534.99
506,https://www.tradeinn.com/h/13878/138782239/boardworks-hynson-knight-quad-59-surfboard.jpg,boardworks hynson knight quad 5´9´´ surfboard,equipment,813.49
507,https://www.tradeinn.com/h/13878/138782307/clayton-black-label-rox-61-surfboard.jpg,clayton black label rox 6´1´´ surfboard,equipment,564.99
508,https://www.tradeinn.com/h/13878/138782310/clayton-cosmic-60-surfboard.jpg,clayton cosmic 6´0´´ surfboard,equipment,605.49
509,https://www.tradeinn.com/h/13878/138782312/clayton-cosmic-64-surfboard.jpg,clayton cosmic 6´4´´ surfboard,equipment,605.49
510,https://www.tradeinn.com/h/13878/138782318/clayton-egg-55-surfboard.jpg,clayton egg 5´5´´ surfboard,equipment,564.99
511,https://www.tradeinn.com/h/13878/138782322/clayton-evo-3f-70-surfboard.jpg,clayton evo 3f 7´0´´ surfboard,equipment,706.49
512,https://www.tradeinn.com/h/13878/138782329/clayton-havol-spinetek-510-surfboard.jpg,clayton havol spinetek 5´10´´ surfboard,equipment,766.99
513,https://www.tradeinn.com/h/13878/138782347/clayton-mini-malibu-future-41-710-surfboard.jpg,clayton mini malibu future 41 7´10´´ surfboard,equipment,777.49
514,https://www.tradeinn.com/h/13878/138782351/clayton-ned-kelly-fcs-58-surfboard.jpg,clayton ned kelly fcs 5´8´´ surfboard,equipment,564.99
515,https://www.tradeinn.com/h/13878/138782359/clayton-performer-61l-90-surfboard.jpg,clayton performer 61l 9´0´´ surfboard,equipment,1000.49
516,https://www.tradeinn.com/h/13878/138782364/clayton-pro-future-60-surfboard.jpg,clayton pro future 6´0´´ surfboard,equipment,605.99
517,https://www.tradeinn.com/h/13878/138782365/clayton-pro-future-61-surfboard.jpg,clayton pro future 6´1´´ surfboard,equipment,605.99
518,https://www.tradeinn.com/h/13878/138782366/clayton-pro-future-62-surfboard.jpg,clayton pro future 6´2´´ surfboard,equipment,605.99
519,https://www.tradeinn.com/h/13878/138782373/clayton-red-ranga-56-surfboard.jpg,clayton red ranga 5´6´´ surfboard,equipment,544.99
520,https://www.tradeinn.com/h/13878/138782386/clayton-rox-58-surfboard.jpg,clayton rox 5´8´´ surfboard,equipment,554.99
521,https://www.tradeinn.com/h/13878/138783376/stewart-949-comp-funboards-mini-malibus-70-surfboard.jpg,stewart 949 comp funboards&mini malibus 7´0´´ surfboard,equipment,1173.49
522,https://www.tradeinn.com/h/13878/138783390/stewart-comp-fun-72-surfboard.jpg,stewart comp fun 7´2´´ surfboard,equipment,1170.99
523,https://www.tradeinn.com/h/13878/138783392/stewart-fun-70-surfboard.jpg,stewart fun 7´0´´ surfboard,equipment,1242.99
524,https://www.tradeinn.com/h/13878/138783395/stewart-fun-74-surfboard.jpg,stewart fun 7´4´´ surfboard,equipment,1377.99
525,https://www.tradeinn.com/h/13878/138783414/stewart-ripster-long-pu-90-surfboard.jpg,stewart ripster long pu 9´0´´ surfboard,equipment,1682.99
526,https://www.tradeinn.com/h/13878/138783426/storm-blade-beluga-mini-malibu-d10-74-surfboard.jpg,storm blade beluga mini malibu d10 7´4´´ surfboard,equipment,458.99
527,https://www.tradeinn.com/h/13878/138783444/storm-blade-beluga-mini-malibu-lb21-70-surfboard.jpg,storm blade beluga mini malibu lb21 7´0´´ surfboard,equipment,556.99
528,https://www.tradeinn.com/h/13878/138783448/storm-blade-beluga-mini-malibu-lb22-610-surfboard.jpg,storm blade beluga mini malibu lb22 6´10´´ surfboard,equipment,404.99
529,https://www.tradeinn.com/h/13878/138783457/storm-blade-beluga-mini-malibu-lb24-74-surfboard.jpg,storm blade beluga mini malibu lb24 7´4´´ surfboard,equipment,458.99
530,https://www.tradeinn.com/h/13878/138783462/storm-blade-beluga-mini-malibu-lb25-70-surfboard.jpg,storm blade beluga mini malibu lb25 7´0´´ surfboard,equipment,556.99
531,https://www.tradeinn.com/h/13878/138783463/storm-blade-beluga-mini-malibu-lb25-74-surfboard.jpg,storm blade beluga mini malibu lb25 7´4´´ surfboard,equipment,571.99
532,https://www.tradeinn.com/h/13878/138783465/storm-blade-beluga-mini-malibu-lb4-70-surfboard.jpg,storm blade beluga mini malibu lb4 7´0´´ surfboard,equipment,556.99
533,https://www.tradeinn.com/h/13878/138783473/storm-blade-beluga-mini-malibu-squash-tail-lb2-66-surfboard.jpg,storm blade beluga mini malibu squash tail lb2 6´6´´ surfboard,equipment,445.99
534,https://www.tradeinn.com/h/13878/138783483/storm-blade-blue-whale-long-d10-80-surfboard.jpg,storm blade blue whale long d10 8´0´´ surfboard,equipment,518.99
535,https://www.tradeinn.com/h/13878/138783487/storm-blade-blue-whale-long-lb21-80-surfboard.jpg,storm blade blue whale long lb21 8´0´´ surfboard,equipment,646.99
536,https://www.tradeinn.com/h/13878/138783529/storm-blade-flying-fish-swallow-tail-d4-610-surfboard.jpg,storm blade flying fish swallow tail d4 6´10´´ surfboard,equipment,452.99
537,https://www.tradeinn.com/h/13878/138783537/storm-blade-flying-fish-swallow-tail-d6-64-surfboard.jpg,storm blade flying fish swallow tail d6 6´4´´ surfboard,equipment,412.49
538,https://www.tradeinn.com/h/13878/138782009/almond-plez-phez-r-series-64-surfboard.jpg,almond plez phez r series 6´4´´ surfboard,equipment,706.49
539,https://www.tradeinn.com/h/13878/138782237/boardworks-hynson-knight-quad-56-surfboard.jpg,boardworks hynson knight quad 5´6´´ surfboard,equipment,777.49
540,https://www.tradeinn.com/h/13878/138782238/boardworks-hynson-knight-quad-57-surfboard.jpg,boardworks hynson knight quad 5´7´´ surfboard,equipment,813.49
541,https://www.tradeinn.com/h/13878/138782243/boardworks-von-sol-shadow-57-surfboard.jpg,boardworks von sol shadow 5´7´´ surfboard,equipment,813.49
542,https://www.tradeinn.com/h/13878/138782236/boardworks-hynson-knight-quad-56-surfboard.jpg,boardworks hynson knight quad 5´6´´ surfboard,equipment,813.49
543,https://www.tradeinn.com/h/13878/138782244/boardworks-von-sol-shadow-59-surfboard.jpg,boardworks von sol shadow 5´9´´ surfboard,equipment,765.99
544,https://www.tradeinn.com/h/13878/138782304/clayton-black-label-rox-58-surfboard.jpg,clayton black label rox 5´8´´ surfboard,equipment,564.99
545,https://www.tradeinn.com/h/13878/138782308/clayton-cosmic-510-surfboard.jpg,clayton cosmic 5´10´´ surfboard,equipment,605.49
546,https://www.tradeinn.com/h/13878/138782317/clayton-egg-54-surfboard.jpg,clayton egg 5´4´´ surfboard,equipment,564.99
547,https://www.tradeinn.com/h/13878/138782327/clayton-glider-52-surfboard.jpg,clayton glider 5´2´´ surfboard,equipment,616.99
548,https://www.tradeinn.com/h/13878/138782328/clayton-glider-54-surfboard.jpg,clayton glider 5´4´´ surfboard,equipment,616.99
549,https://www.tradeinn.com/h/13878/138782353/clayton-ned-kelly-58-surfboard.jpg,clayton ned kelly 5´8´´ surfboard,equipment,587.99
550,https://www.tradeinn.com/h/13878/138782375/clayton-retro-fish-54-surfboard.jpg,clayton retro fish 5´4´´ surfboard,equipment,595.49
551,https://www.tradeinn.com/h/13878/138782388/clayton-spinetek-epoxy-511-surfboard.jpg,clayton spinetek epoxy 5´11´´ surfboard,equipment,756.99
552,https://www.tradeinn.com/h/13878/138782380/clayton-rocket-510-surfboard.jpg,clayton rocket 5´10´´ surfboard,equipment,605.99
553,https://www.tradeinn.com/h/13878/138782397/clayton-swivel-59-surfboard.jpg,clayton swivel 5´9´´ surfboard,equipment,587.99
554,https://www.tradeinn.com/h/13878/138783567/storm-blade-orca-d2-68-surfboard.jpg,storm blade orca d2 6´8´´ surfboard,equipment,421.99
555,https://www.tradeinn.com/h/13878/138783424/storm-blade-beluga-mini-malibu-d1-68-surfboard.jpg,storm blade beluga mini malibu d1 6´8´´ surfboard,equipment,417.49
556,https://www.tradeinn.com/h/13878/138783436/storm-blade-beluga-mini-malibu-lb20-610-surfboard.jpg,storm blade beluga mini malibu lb20 6´10´´ surfboard,equipment,523.99
557,https://www.tradeinn.com/h/13878/138783449/storm-blade-beluga-mini-malibu-lb22-68-surfboard.jpg,storm blade beluga mini malibu lb22 6´8´´ surfboard,equipment,520.49
558,https://www.tradeinn.com/h/13878/138783456/storm-blade-beluga-mini-malibu-lb24-72-surfboard.jpg,storm blade beluga mini malibu lb24 7´2´´ surfboard,equipment,568.99
559,https://www.tradeinn.com/h/13878/138783459/storm-blade-beluga-mini-malibu-lb24-78-surfboard.jpg,storm blade beluga mini malibu lb24 7´8´´ surfboard,equipment,485.99
560,https://www.tradeinn.com/h/13878/138783474/storm-blade-beluga-mini-malibu-squash-tail-lb20-66-surfboard.jpg,storm blade beluga mini malibu squash tail lb20 6´6´´ surfboard,equipment,401.49
561,https://www.tradeinn.com/h/13878/138783484/storm-blade-blue-whale-long-d13-80-surfboard.jpg,storm blade blue whale long d13 8´0´´ surfboard,equipment,518.99
562,https://www.tradeinn.com/h/13878/138783486/storm-blade-blue-whale-long-lb20-80-surfboard.jpg,storm blade blue whale long lb20 8´0´´ surfboard,equipment,518.99
563,https://www.tradeinn.com/h/13878/138783488/storm-blade-blue-whale-long-lb22-80-surfboard.jpg,storm blade blue whale long lb22 8´0´´ surfboard,equipment,518.99
564,https://www.tradeinn.com/h/13878/138783498/storm-blade-blue-whale-long-square-tail-lb4-90-surfboard.jpg,storm blade blue whale long square tail lb4 9´0´´ surfboard,equipment,606.99
565,https://www.tradeinn.com/h/13878/138783496/storm-blade-blue-whale-long-square-tail-lb24-90-surfboard.jpg,storm blade blue whale long square tail lb24 9´0´´ surfboard,equipment,606.99
566,https://www.tradeinn.com/h/13945/139459011/atlantic-boards-shark-epoxy-fiber-soft-32l-510-surfboard.jpg,atlantic boards shark epoxy+fiber soft 32l 5´10´´ surfboard,equipment,329.0
567,https://www.tradeinn.com/h/13898/138987499/stewart-949c-poly-70-surfboard.jpg,stewart 949c poly 7´0´´ surfboard,equipment,1221.99
568,https://www.tradeinn.com/h/13898/138987518/stewart-rdl-poly-90-surfboard.jpg,stewart rdl poly 9´0´´ surfboard,equipment,1524.99
569,https://www.tradeinn.com/h/13900/139008199/album-surfboard-coda-86-surfboard.jpg,album surfboard coda 8´6´´ surfboard,equipment,1237.49
570,https://www.tradeinn.com/h/13898/138987533/storm-blade-eps-soft-modele-n-80-surfboard.jpg,storm blade eps soft modele n 8´0´´ surfboard,equipment,504.49
571,https://www.tradeinn.com/h/13898/138987536/storm-blade-eps-soft-dw-80-surfboard.jpg,storm blade eps soft dw 8´0´´ surfboard,equipment,655.99
572,https://www.tradeinn.com/h/13898/138987526/storm-blade-eps-soft-oc6r-mold-60-surfboard.jpg,storm blade eps soft oc6r mold 6´0´´ surfboard,equipment,352.99
573,https://www.tradeinn.com/h/13898/138987489/stewart-funline-poly-76-surfboard.jpg,stewart funline poly 7´6´´ surfboard,equipment,1352.99
574,https://www.tradeinn.com/h/13898/138987525/storm-blade-eps-soft-malibu-60-surfboard.jpg,storm blade eps soft malibu 6´0´´ surfboard,equipment,352.99
575,https://www.tradeinn.com/h/13898/138987527/storm-blade-eps-soft-malibu-66-surfboard.jpg,storm blade eps soft malibu 6´6´´ surfboard,equipment,443.99
576,https://www.tradeinn.com/h/13898/138987529/storm-blade-eps-soft-wide-70-surfboard.jpg,storm blade eps soft wide 7´0´´ surfboard,equipment,605.49
577,https://www.tradeinn.com/h/13898/138987530/storm-blade-eps-soft-70-surfboard.jpg,storm blade eps soft 7´0´´ surfboard,equipment,463.99
578,https://www.tradeinn.com/h/13898/138987531/storm-blade-eps-soft-malibu-76-surfboard.jpg,storm blade eps soft malibu 7´6´´ surfboard,equipment,483.99
579,https://www.tradeinn.com/h/13885/138850547/longwave-logo-43-bodyboard.jpg,longwave logo 43´´´ bodyboard,equipment,47.99
580,https://www.tradeinn.com/h/13875/138755140/moana-one-36-bodyboard-with-leash.jpg,moana one 36´´ bodyboard with leash,equipment,62.99
581,https://www.tradeinn.com/h/13875/138755144/moana-one-42-bodyboard-with-leash.jpg,moana one 42´´ bodyboard with leash,equipment,60.99
582,https://www.tradeinn.com/h/13875/138755147/moana-two-bodyboard-36.jpg,moana two bodyboard 36´´,equipment,71.99
583,https://www.tradeinn.com/h/13974/139747457/stewart-funboard-comp-poly-74-surfboard.jpg,stewart funboard comp poly 7´4´´ surfboard,equipment,1540.99
584,https://www.tradeinn.com/h/13974/139747458/stewart-funboard-comp-poly-74-surfboard.jpg,stewart funboard comp poly 7´4´´ surfboard,equipment,1433.99
585,https://www.tradeinn.com/h/13974/139747466/stewart-redline-11-poly-121519-90-surfboard.jpg,stewart redline 11 poly 121519 9´0´´ surfboard,equipment,1728.99
586,https://www.tradeinn.com/h/13974/139747492/storm-blade-malibu-squared-tail-design-13-90-surfboard.jpg,storm blade malibu squared tail design 13 9´0´´ surfboard,equipment,606.49
587,https://www.tradeinn.com/h/13974/139747496/storm-blade-mini-malibu-beluga-design-lb25-78-surfboard.jpg,storm blade mini malibu beluga design lb25 7´8´´ surfboard,equipment,484.99
588,https://www.tradeinn.com/h/13974/139747279/album-surfboard-soft-top-presto-57-surfboard.jpg,album surfboard soft top presto 5´7´´ surfboard,equipment,625.99
589,https://www.tradeinn.com/h/13974/139747286/almond-joy-r-series-peel-80-surfboard.jpg,almond joy r-series peel 8´0´´ surfboard,equipment,776.99
590,https://www.tradeinn.com/h/13974/139747290/almond-plez-phez-r-series-peel-64-surfboard.jpg,almond plez phez r-series peel 6´4´´ surfboard,equipment,659.99
591,https://www.tradeinn.com/h/13974/139747366/dewey-weber-quantum-longboard-72-surfboard.jpg,dewey weber quantum longboard 7´2´´ surfboard,equipment,654.49
592,https://www.tradeinn.com/h/13974/139747367/dewey-weber-quantum-longboard-72-surfboard.jpg,dewey weber quantum longboard 7´2´´ surfboard,equipment,654.49
593,https://www.tradeinn.com/h/13974/139747370/dewey-weber-quantum-longboard-76-surfboard.jpg,dewey weber quantum longboard 7´6´´ surfboard,equipment,681.99
594,https://www.tradeinn.com/h/13974/139747375/dewey-weber-quantum-longboard-82-surfboard.jpg,dewey weber quantum longboard 8´2´´ surfboard,equipment,807.49
595,https://www.tradeinn.com/h/13974/139747382/dewey-weber-swish-56-surfboard.jpg,dewey weber swish 5´6´´ surfboard,equipment,608.99
596,https://www.tradeinn.com/h/13974/139747386/dewey-weber-swish-59-surfboard.jpg,dewey weber swish 5´9´´ surfboard,equipment,645.99
597,https://www.tradeinn.com/h/13974/139747388/dewey-weber-swish-60-surfboard.jpg,dewey weber swish 6´0´´ surfboard,equipment,635.99
598,https://www.tradeinn.com/h/13974/139747389/dewey-weber-swish-60-surfboard.jpg,dewey weber swish 6´0´´ surfboard,equipment,635.99
599,https://www.tradeinn.com/h/13812/138125119/moana-one-with-leash-42-bodyboard.jpg,moana one with leash 42´´ bodyboard,equipment,56.99
